sequence,project,file path,file name,line number,git command,commit link,,,,,,,,,
1,apache/camel,core/camel-core-engine/src/main/java/org/apache/camel/impl/DefaultModel.java,DefaultModel.java,L98 - L102,git diff 1593e07 2d740d8 core/camel-core-engine/src/main/java/org/apache/camel/impl/DefaultModel.java,https://github.com/apache/camel/commit/2d740d82ac2eac1b8961aac7a2330bb0463c4bb9,,,,,,,,,compatibility problem. forEach. 
2,apache/camel,core/camel-core-engine/src/main/java/org/apache/camel/impl/DefaultModel.java,DefaultModel.java,L105 - L108,git diff 1593e07 2d740d8 core/camel-core-engine/src/main/java/org/apache/camel/impl/DefaultModel.java,https://github.com/apache/camel/commit/2d740d82ac2eac1b8961aac7a2330bb0463c4bb9,,,,,,,,,compatibility problem. forEach. 
3,apache/camel,core/camel-core-engine/src/main/java/org/apache/camel/impl/DefaultModel.java,DefaultModel.java,L106 - L106,git diff 1593e07 2d740d8 core/camel-core-engine/src/main/java/org/apache/camel/impl/DefaultModel.java,https://github.com/apache/camel/commit/2d740d82ac2eac1b8961aac7a2330bb0463c4bb9,,,,,,,,,compatibility problem. forEach. 
4,apache/camel,core/camel-core-engine/src/main/java/org/apache/camel/impl/DefaultModel.java,DefaultModel.java,L177 - L180,git diff 1593e07 2d740d8 core/camel-core-engine/src/main/java/org/apache/camel/impl/DefaultModel.java,https://github.com/apache/camel/commit/2d740d82ac2eac1b8961aac7a2330bb0463c4bb9,,,,,,,,,compatibility problem. forEach. 
5,apache/camel,core/camel-core-engine/src/main/java/org/apache/camel/impl/DefaultModel.java,DefaultModel.java,L178 - L178,git diff 1593e07 2d740d8 core/camel-core-engine/src/main/java/org/apache/camel/impl/DefaultModel.java,https://github.com/apache/camel/commit/2d740d82ac2eac1b8961aac7a2330bb0463c4bb9,,,,,,,,,compatibility problem. forEach. 
6,apache/camel,core/camel-base-engine/src/main/java/org/apache/camel/impl/engine/AbstractCamelContext.java,AbstractCamelContext.java,L3822 - L3837,git diff a7fdaf3 d145296 core/camel-base-engine/src/main/java/org/apache/camel/impl/engine/AbstractCamelContext.java,https://github.com/apache/camel/commit/d145296dcfb875590407dbff4c7cc5f3ed3e7aee,,,,,,,,,revert/roll back
7,apache/camel,components/camel-soroush/src/main/java/org/apache/camel/component/soroushbot/component/SoroushBotMultiThreadConsumer.java,SoroushBotMultiThreadConsumer.java,L55 - L55,git diff 8312a9a 692579d components/camel-soroush/src/main/java/org/apache/camel/component/soroushbot/component/SoroushBotMultiThreadConsumer.java,https://github.com/apache/camel/commit/692579d8d1ed0262b548b6e2085bf4a775873ae5,,,,,,,,,not related
8,apache/camel,components/camel-soroush/src/main/java/org/apache/camel/component/soroushbot/component/SoroushBotSingleThreadConsumer.java,SoroushBotSingleThreadConsumer.java,L40 - L40,git diff 8312a9a 692579d components/camel-soroush/src/main/java/org/apache/camel/component/soroushbot/component/SoroushBotSingleThreadConsumer.java,https://github.com/apache/camel/commit/692579d8d1ed0262b548b6e2085bf4a775873ae5,,,,,,,,,not related
9,apache/camel,components/camel-sjms/src/main/java/org/apache/camel/component/sjms/consumer/EndpointMessageListener.java,EndpointMessageListener.java,L255 - L272,git diff 8709742 8c741e2 components/camel-sjms/src/main/java/org/apache/camel/component/sjms/consumer/EndpointMessageListener.java,https://github.com/apache/camel/commit/8c741e27f70785a0add742fad3ee68ec0ea4689a,,,,,,,,,camel-sjms - Make it more feature compatible with camel-jms (producer)
10,apache/camel,components/camel-sjms/src/main/java/org/apache/camel/component/sjms/consumer/EndpointMessageListener.java,EndpointMessageListener.java,L287 - L304,git diff 8709742 8c741e2 components/camel-sjms/src/main/java/org/apache/camel/component/sjms/consumer/EndpointMessageListener.java,https://github.com/apache/camel/commit/8c741e27f70785a0add742fad3ee68ec0ea4689a,,,,,,,,,camel-sjms - Make it more feature compatible with camel-jms (producer)
11,apache/camel,core/camel-core-languages/src/main/java/org/apache/camel/language/csimple/CSimpleLanguage.java,CSimpleLanguage.java,L71 - L77,git diff 4198017 c57d6a3 core/camel-core-languages/src/main/java/org/apache/camel/language/csimple/CSimpleLanguage.java,https://github.com/apache/camel/commit/c57d6a319dfdb5cca9afb0aa623ff067e589f053,,,,,,,,,not related
12,apache/camel,components/camel-salesforce/camel-salesforce-maven-plugin/src/main/java/org/apache/camel/maven/GenerateMojo.java,GenerateMojo.java,L184 - L184,git diff 87c00a9 48b67e1 components/camel-salesforce/camel-salesforce-maven-plugin/src/main/java/org/apache/camel/maven/GenerateMojo.java,https://github.com/apache/camel/commit/48b67e1c245829c33741929bcad75d258b3416ca,,,,,,,,,not related
13,apache/camel,core/camel-base-engine/src/main/java/org/apache/camel/impl/engine/SimpleCamelContext.java,SimpleCamelContext.java,L184 - L186,git diff ba757ce 0a94e0f core/camel-base-engine/src/main/java/org/apache/camel/impl/engine/SimpleCamelContext.java,https://github.com/apache/camel/commit/0a94e0f2ecf8aa381cde59af8f762674d29f3281,,,,,,,,,reduce memory and reduce classes loaded
14,apache/camel,core/camel-base-engine/src/main/java/org/apache/camel/impl/engine/SimpleCamelContext.java,SimpleCamelContext.java,L208 - L210,git diff ba757ce 0a94e0f core/camel-base-engine/src/main/java/org/apache/camel/impl/engine/SimpleCamelContext.java,https://github.com/apache/camel/commit/0a94e0f2ecf8aa381cde59af8f762674d29f3281,,,,,,,,,reduce memory and reduce classes loaded
15,apache/camel,core/camel-base-engine/src/main/java/org/apache/camel/impl/engine/SimpleCamelContext.java,SimpleCamelContext.java,L218 - L220,git diff ba757ce 0a94e0f core/camel-base-engine/src/main/java/org/apache/camel/impl/engine/SimpleCamelContext.java,https://github.com/apache/camel/commit/0a94e0f2ecf8aa381cde59af8f762674d29f3281,,,,,,,,,reduce memory and reduce classes loaded
16,apache/camel,core/camel-base-engine/src/main/java/org/apache/camel/impl/engine/SimpleCamelContext.java,SimpleCamelContext.java,L291 - L293,git diff ba757ce 0a94e0f core/camel-base-engine/src/main/java/org/apache/camel/impl/engine/SimpleCamelContext.java,https://github.com/apache/camel/commit/0a94e0f2ecf8aa381cde59af8f762674d29f3281,,,,,,,,,reduce memory and reduce classes loaded
17,apache/camel,core/camel-base-engine/src/main/java/org/apache/camel/impl/engine/SimpleCamelContext.java,SimpleCamelContext.java,L317 - L319,git diff ba757ce 0a94e0f core/camel-base-engine/src/main/java/org/apache/camel/impl/engine/SimpleCamelContext.java,https://github.com/apache/camel/commit/0a94e0f2ecf8aa381cde59af8f762674d29f3281,,,,,,,,,reduce memory and reduce classes loaded
18,apache/camel,core/camel-base-engine/src/main/java/org/apache/camel/impl/engine/SimpleCamelContext.java,SimpleCamelContext.java,L327 - L329,git diff ba757ce 0a94e0f core/camel-base-engine/src/main/java/org/apache/camel/impl/engine/SimpleCamelContext.java,https://github.com/apache/camel/commit/0a94e0f2ecf8aa381cde59af8f762674d29f3281,,,,,,,,,reduce memory and reduce classes loaded
19,apache/camel,core/camel-base-engine/src/main/java/org/apache/camel/impl/engine/SimpleCamelContext.java,SimpleCamelContext.java,L336 - L338,git diff ba757ce 0a94e0f core/camel-base-engine/src/main/java/org/apache/camel/impl/engine/SimpleCamelContext.java,https://github.com/apache/camel/commit/0a94e0f2ecf8aa381cde59af8f762674d29f3281,,,,,,,,,reduce memory and reduce classes loaded
20,apache/camel,core/camel-base-engine/src/main/java/org/apache/camel/impl/engine/SimpleCamelContext.java,SimpleCamelContext.java,L345 - L347,git diff ba757ce 0a94e0f core/camel-base-engine/src/main/java/org/apache/camel/impl/engine/SimpleCamelContext.java,https://github.com/apache/camel/commit/0a94e0f2ecf8aa381cde59af8f762674d29f3281,,,,,,,,,reduce memory and reduce classes loaded
21,apache/camel,core/camel-base-engine/src/main/java/org/apache/camel/impl/engine/SimpleCamelContext.java,SimpleCamelContext.java,L360 - L362,git diff ba757ce 0a94e0f core/camel-base-engine/src/main/java/org/apache/camel/impl/engine/SimpleCamelContext.java,https://github.com/apache/camel/commit/0a94e0f2ecf8aa381cde59af8f762674d29f3281,,,,,,,,,reduce memory and reduce classes loaded
22,apache/camel,core/camel-base-engine/src/main/java/org/apache/camel/impl/engine/SimpleCamelContext.java,SimpleCamelContext.java,L369 - L371,git diff ba757ce 0a94e0f core/camel-base-engine/src/main/java/org/apache/camel/impl/engine/SimpleCamelContext.java,https://github.com/apache/camel/commit/0a94e0f2ecf8aa381cde59af8f762674d29f3281,,,,,,,,,reduce memory and reduce classes loaded
23,apache/camel,core/camel-base-engine/src/main/java/org/apache/camel/impl/engine/SimpleCamelContext.java,SimpleCamelContext.java,L379 - L381,git diff ba757ce 0a94e0f core/camel-base-engine/src/main/java/org/apache/camel/impl/engine/SimpleCamelContext.java,https://github.com/apache/camel/commit/0a94e0f2ecf8aa381cde59af8f762674d29f3281,,,,,,,,,reduce memory and reduce classes loaded
24,apache/camel,core/camel-base-engine/src/main/java/org/apache/camel/impl/engine/SimpleCamelContext.java,SimpleCamelContext.java,L423 - L425,git diff ba757ce 0a94e0f core/camel-base-engine/src/main/java/org/apache/camel/impl/engine/SimpleCamelContext.java,https://github.com/apache/camel/commit/0a94e0f2ecf8aa381cde59af8f762674d29f3281,,,,,,,,,reduce memory and reduce classes loaded
25,apache/camel,tooling/maven/camel-package-maven-plugin/src/main/java/org/apache/camel/maven/packaging/TypeConverterLoaderGeneratorMojo.java,TypeConverterLoaderGeneratorMojo.java,L299 - L299,git diff c736c07 0bb1396 tooling/maven/camel-package-maven-plugin/src/main/java/org/apache/camel/maven/packaging/TypeConverterLoaderGeneratorMojo.java,https://github.com/apache/camel/commit/0bb139662a88c7876a9545c5b1bea16b040a2a99,,,,,,,,,lambda to method reference
26,apache/camel,components/camel-mock/src/main/java/org/apache/camel/component/mock/MockEndpoint.java,MockEndpoint.java,L353 - L356,git diff ac72165 f49b4e1 components/camel-mock/src/main/java/org/apache/camel/component/mock/MockEndpoint.java,https://github.com/apache/camel/commit/f49b4e1144cdcc1026632d23cdbe72aca4cb5733,,,,,,,,,Optimize expressions to eager init if possible
27,apache/camel,components/camel-mock/src/main/java/org/apache/camel/component/mock/MockEndpoint.java,MockEndpoint.java,L366 - L369,git diff ac72165 f49b4e1 components/camel-mock/src/main/java/org/apache/camel/component/mock/MockEndpoint.java,https://github.com/apache/camel/commit/f49b4e1144cdcc1026632d23cdbe72aca4cb5733,,,,,,,,,Optimize expressions to eager init if possible
28,apache/camel,core/camel-util/src/main/java/org/apache/camel/util/function/Suppliers.java,Suppliers.java,L32 - L44,git diff b788422 67f7d67 core/camel-util/src/main/java/org/apache/camel/util/function/Suppliers.java,https://github.com/apache/camel/commit/67f7d6799933f1744e7bcfd835893492094590cf,,,,,,,,,
29,apache/camel,core/camel-util/src/main/java/org/apache/camel/util/function/Suppliers.java,Suppliers.java,L49 - L65,git diff b788422 67f7d67 core/camel-util/src/main/java/org/apache/camel/util/function/Suppliers.java,https://github.com/apache/camel/commit/67f7d6799933f1744e7bcfd835893492094590cf,,,,,,,,,
30,apache/camel,core/camel-util/src/main/java/org/apache/camel/util/function/ThrowingHelper.java,ThrowingHelper.java,L32 - L38,git diff b788422 67f7d67 core/camel-util/src/main/java/org/apache/camel/util/function/ThrowingHelper.java,https://github.com/apache/camel/commit/67f7d6799933f1744e7bcfd835893492094590cf,,,,,,,,,
31,apache/camel,core/camel-util/src/main/java/org/apache/camel/util/function/ThrowingHelper.java,ThrowingHelper.java,L42 - L48,git diff b788422 67f7d67 core/camel-util/src/main/java/org/apache/camel/util/function/ThrowingHelper.java,https://github.com/apache/camel/commit/67f7d6799933f1744e7bcfd835893492094590cf,,,,,,,,,
32,apache/camel,core/camel-util/src/main/java/org/apache/camel/util/function/ThrowingHelper.java,ThrowingHelper.java,L52 - L58,git diff b788422 67f7d67 core/camel-util/src/main/java/org/apache/camel/util/function/ThrowingHelper.java,https://github.com/apache/camel/commit/67f7d6799933f1744e7bcfd835893492094590cf,,,,,,,,,
33,apache/camel,core/camel-util/src/main/java/org/apache/camel/util/function/ThrowingHelper.java,ThrowingHelper.java,L62 - L69,git diff b788422 67f7d67 core/camel-util/src/main/java/org/apache/camel/util/function/ThrowingHelper.java,https://github.com/apache/camel/commit/67f7d6799933f1744e7bcfd835893492094590cf,,,,,,,,,
34,apache/camel,core/camel-main/src/main/java/org/apache/camel/main/BaseMainSupport.java,BaseMainSupport.java,L466 - L466,git diff 96034dd 9f0462a core/camel-main/src/main/java/org/apache/camel/main/BaseMainSupport.java,https://github.com/apache/camel/commit/9f0462ab3eb879a3af87ae001269c30d76a051dd,,,,,,,,,
35,apache/camel,core/camel-main/src/main/java/org/apache/camel/main/BaseMainSupport.java,BaseMainSupport.java,L1049 - L1049,git diff d7087ef 7fd193d core/camel-main/src/main/java/org/apache/camel/main/BaseMainSupport.java,https://github.com/apache/camel/commit/7fd193dcabdf0c8e5fee002cb7785347d1513da1,,,,,,,,,
36,apache/camel,tooling/maven/camel-package-maven-plugin/src/main/java/org/apache/camel/maven/packaging/GenerateConfigurerMojo.java,GenerateConfigurerMojo.java,L112 - L116,git diff 98ab567 be51f95 tooling/maven/camel-package-maven-plugin/src/main/java/org/apache/camel/maven/packaging/GenerateConfigurerMojo.java,https://github.com/apache/camel/commit/be51f95b47bc80c01364a019f2d7cc2e2a1218d9,,,,,,,,,
37,apache/camel,core/camel-main/src/main/java/org/apache/camel/main/BaseMainSupport.java,BaseMainSupport.java,L882 - L900,git diff 1723132 0d6370e core/camel-main/src/main/java/org/apache/camel/main/BaseMainSupport.java,https://github.com/apache/camel/commit/0d6370ee3062fe6aecadfa88fef8bdc5e4e1eb4a,,,,,,,,,
38,apache/camel,core/camel-main/src/main/java/org/apache/camel/main/BaseMainSupport.java,BaseMainSupport.java,L1015 - L1019,git diff 65898eb ec6c927 core/camel-main/src/main/java/org/apache/camel/main/BaseMainSupport.java,https://github.com/apache/camel/commit/ec6c9274787d2ada1bb02858804e91ead2f5eb00,,,,,,,,,
39,apache/camel,core/camel-health/src/test/java/org/apache/camel/impl/health/DefaultHealthCheckRegistryTest.java,DefaultHealthCheckRegistryTest.java,L39 - L39,git diff 2767db3 49bbe86 core/camel-health/src/test/java/org/apache/camel/impl/health/DefaultHealthCheckRegistryTest.java,https://github.com/apache/camel/commit/49bbe860fa701f24e5d7168dd6558925a325ab07,,,,,,,,,
40,apache/camel,core/camel-health/src/test/java/org/apache/camel/impl/health/DefaultHealthCheckRegistryTest.java,DefaultHealthCheckRegistryTest.java,L73 - L73,git diff 2767db3 49bbe86 core/camel-health/src/test/java/org/apache/camel/impl/health/DefaultHealthCheckRegistryTest.java,https://github.com/apache/camel/commit/49bbe860fa701f24e5d7168dd6558925a325ab07,,,,,,,,,
41,apache/camel,core/camel-health/src/test/java/org/apache/camel/impl/health/DefaultHealthCheckRegistryTest.java,DefaultHealthCheckRegistryTest.java,L77 - L77,git diff 2767db3 49bbe86 core/camel-health/src/test/java/org/apache/camel/impl/health/DefaultHealthCheckRegistryTest.java,https://github.com/apache/camel/commit/49bbe860fa701f24e5d7168dd6558925a325ab07,,,,,,,,,
42,apache/camel,core/camel-health/src/test/java/org/apache/camel/impl/health/DefaultHealthCheckRegistryTest.java,DefaultHealthCheckRegistryTest.java,L78 - L78,git diff 2767db3 49bbe86 core/camel-health/src/test/java/org/apache/camel/impl/health/DefaultHealthCheckRegistryTest.java,https://github.com/apache/camel/commit/49bbe860fa701f24e5d7168dd6558925a325ab07,,,,,,,,,
43,apache/camel,core/camel-api/src/main/java/org/apache/camel/health/HealthCheckHelper.java,HealthCheckHelper.java,L94 - L94,git diff 56208b6 b1bf0b3 core/camel-api/src/main/java/org/apache/camel/health/HealthCheckHelper.java,https://github.com/apache/camel/commit/b1bf0b36995f6cc3dab6789df19c94138454581e,,,,,,,,,
44,apache/camel,core/camel-api/src/main/java/org/apache/camel/health/HealthCheckHelper.java,HealthCheckHelper.java,L131 - L131,git diff 56208b6 b1bf0b3 core/camel-api/src/main/java/org/apache/camel/health/HealthCheckHelper.java,https://github.com/apache/camel/commit/b1bf0b36995f6cc3dab6789df19c94138454581e,,,,,,,,,
45,apache/camel,components/camel-bindy/src/main/java/org/apache/camel/dataformat/bindy/UnicodeHelper.java,UnicodeHelper.java,L137 - L137,git diff 5476b60 45c9f94 components/camel-bindy/src/main/java/org/apache/camel/dataformat/bindy/UnicodeHelper.java,https://github.com/apache/camel/commit/45c9f949008fd0d2a97685f8228ebbce35cb8de4,,,,,,,,,
46,apache/camel,components/camel-bindy/src/test/java/org/apache/camel/dataformat/bindy/UnicodeHelperTest.java,UnicodeHelperTest.java,L181 - L183,git diff 5476b60 45c9f94 components/camel-bindy/src/test/java/org/apache/camel/dataformat/bindy/UnicodeHelperTest.java,https://github.com/apache/camel/commit/45c9f949008fd0d2a97685f8228ebbce35cb8de4,,,,,,,,,
47,apache/camel,components/camel-milo/src/main/java/org/apache/camel/component/milo/server/MiloServerComponent.java,MiloServerComponent.java,L568 - L568,git diff 21eece5 7d1a25e components/camel-milo/src/main/java/org/apache/camel/component/milo/server/MiloServerComponent.java,https://github.com/apache/camel/commit/7d1a25eebbe01471bc17bb28ee95fbd48c80a501,,,,,,,,,
48,apache/camel,components/camel-undertow/src/main/java/org/apache/camel/component/undertow/UndertowComponent.java,UndertowComponent.java,L317 - L317,git diff 3bb388a c4aadb3 components/camel-undertow/src/main/java/org/apache/camel/component/undertow/UndertowComponent.java,https://github.com/apache/camel/commit/c4aadb30a12a204d33fd75007d8cbbd353912c69,,,,,,,,,
49,apache/camel,core/camel-xml-io/src/generated/java/org/apache/camel/xml/in/ModelParser.java,ModelParser.java,L2224 - L2231,git diff bf4f3ee 1024317 core/camel-xml-io/src/generated/java/org/apache/camel/xml/in/ModelParser.java,https://github.com/apache/camel/commit/1024317aa54a7605028b9a05623960760f82d144,,,,,,,,,
50,apache/camel,core/camel-xml-io/src/generated/java/org/apache/camel/xml/in/ModelParser.java,ModelParser.java,L2264 - L2270,git diff bf4f3ee 1024317 core/camel-xml-io/src/generated/java/org/apache/camel/xml/in/ModelParser.java,https://github.com/apache/camel/commit/1024317aa54a7605028b9a05623960760f82d144,,,,,,,,,
51,apache/camel,tooling/openapi-rest-dsl-generator/src/main/java/org/apache/camel/generator/openapi/OperationVisitor.java,OperationVisitor.java,L193 - L195,git diff bf4f3ee 1024317 tooling/openapi-rest-dsl-generator/src/main/java/org/apache/camel/generator/openapi/OperationVisitor.java,https://github.com/apache/camel/commit/1024317aa54a7605028b9a05623960760f82d144,,,,,,,,,
52,apache/camel,components/camel-milo/src/main/java/org/apache/camel/component/milo/server/MiloServerComponent.java,MiloServerComponent.java,L143 - L143,git diff 172873c 063c39a components/camel-milo/src/main/java/org/apache/camel/component/milo/server/MiloServerComponent.java,https://github.com/apache/camel/commit/063c39ad94df766a9b6ef73d0fc3d7b177a255a2,,,,,,,,,
53,apache/camel,core/camel-base/src/main/java/org/apache/camel/impl/converter/BaseTypeConverterRegistry.java,BaseTypeConverterRegistry.java,L528 - L528,git diff 172873c 063c39a core/camel-base/src/main/java/org/apache/camel/impl/converter/BaseTypeConverterRegistry.java,https://github.com/apache/camel/commit/063c39ad94df766a9b6ef73d0fc3d7b177a255a2,,,,,,,,,
54,apache/camel,core/camel-base/src/main/java/org/apache/camel/impl/converter/BaseTypeConverterRegistry.java,BaseTypeConverterRegistry.java,L530 - L530,git diff 172873c 063c39a core/camel-base/src/main/java/org/apache/camel/impl/converter/BaseTypeConverterRegistry.java,https://github.com/apache/camel/commit/063c39ad94df766a9b6ef73d0fc3d7b177a255a2,,,,,,,,,
55,apache/camel,core/camel-base/src/main/java/org/apache/camel/impl/converter/ToStringTypeConverter.java,ToStringTypeConverter.java,L51 - L51,git diff 172873c 063c39a core/camel-base/src/main/java/org/apache/camel/impl/converter/ToStringTypeConverter.java,https://github.com/apache/camel/commit/063c39ad94df766a9b6ef73d0fc3d7b177a255a2,,,,,,,,,
56,apache/camel,core/camel-base/src/main/java/org/apache/camel/processor/Pipeline.java,Pipeline.java,L84 - L84,git diff 172873c 063c39a core/camel-base/src/main/java/org/apache/camel/processor/Pipeline.java,https://github.com/apache/camel/commit/063c39ad94df766a9b6ef73d0fc3d7b177a255a2,,,,,,,,,
57,apache/camel,core/camel-base/src/main/java/org/apache/camel/processor/Pipeline.java,Pipeline.java,L87 - L87,git diff 172873c 063c39a core/camel-base/src/main/java/org/apache/camel/processor/Pipeline.java,https://github.com/apache/camel/commit/063c39ad94df766a9b6ef73d0fc3d7b177a255a2,,,,,,,,,
58,apache/camel,core/camel-support/src/main/java/org/apache/camel/support/EventHelper.java,EventHelper.java,L48 - L48,git diff 172873c 063c39a core/camel-support/src/main/java/org/apache/camel/support/EventHelper.java,https://github.com/apache/camel/commit/063c39ad94df766a9b6ef73d0fc3d7b177a255a2,,,,,,,,,
59,apache/camel,core/camel-support/src/main/java/org/apache/camel/support/EventHelper.java,EventHelper.java,L54 - L54,git diff 172873c 063c39a core/camel-support/src/main/java/org/apache/camel/support/EventHelper.java,https://github.com/apache/camel/commit/063c39ad94df766a9b6ef73d0fc3d7b177a255a2,,,,,,,,,
60,apache/camel,core/camel-support/src/main/java/org/apache/camel/support/EventHelper.java,EventHelper.java,L60 - L60,git diff 172873c 063c39a core/camel-support/src/main/java/org/apache/camel/support/EventHelper.java,https://github.com/apache/camel/commit/063c39ad94df766a9b6ef73d0fc3d7b177a255a2,,,,,,,,,
61,apache/camel,core/camel-support/src/main/java/org/apache/camel/support/EventHelper.java,EventHelper.java,L66 - L66,git diff 172873c 063c39a core/camel-support/src/main/java/org/apache/camel/support/EventHelper.java,https://github.com/apache/camel/commit/063c39ad94df766a9b6ef73d0fc3d7b177a255a2,,,,,,,,,
62,apache/camel,core/camel-support/src/main/java/org/apache/camel/support/EventHelper.java,EventHelper.java,L96 - L96,git diff 172873c 063c39a core/camel-support/src/main/java/org/apache/camel/support/EventHelper.java,https://github.com/apache/camel/commit/063c39ad94df766a9b6ef73d0fc3d7b177a255a2,,,,,,,,,
63,apache/camel,core/camel-support/src/main/java/org/apache/camel/support/EventHelper.java,EventHelper.java,L102 - L102,git diff 172873c 063c39a core/camel-support/src/main/java/org/apache/camel/support/EventHelper.java,https://github.com/apache/camel/commit/063c39ad94df766a9b6ef73d0fc3d7b177a255a2,,,,,,,,,
64,apache/camel,core/camel-support/src/main/java/org/apache/camel/support/EventHelper.java,EventHelper.java,L108 - L108,git diff 172873c 063c39a core/camel-support/src/main/java/org/apache/camel/support/EventHelper.java,https://github.com/apache/camel/commit/063c39ad94df766a9b6ef73d0fc3d7b177a255a2,,,,,,,,,
65,apache/camel,core/camel-support/src/main/java/org/apache/camel/support/EventHelper.java,EventHelper.java,L114 - L114,git diff 172873c 063c39a core/camel-support/src/main/java/org/apache/camel/support/EventHelper.java,https://github.com/apache/camel/commit/063c39ad94df766a9b6ef73d0fc3d7b177a255a2,,,,,,,,,
66,apache/camel,core/camel-support/src/main/java/org/apache/camel/support/EventHelper.java,EventHelper.java,L120 - L120,git diff 172873c 063c39a core/camel-support/src/main/java/org/apache/camel/support/EventHelper.java,https://github.com/apache/camel/commit/063c39ad94df766a9b6ef73d0fc3d7b177a255a2,,,,,,,,,
67,apache/camel,core/camel-support/src/main/java/org/apache/camel/support/EventHelper.java,EventHelper.java,L126 - L126,git diff 172873c 063c39a core/camel-support/src/main/java/org/apache/camel/support/EventHelper.java,https://github.com/apache/camel/commit/063c39ad94df766a9b6ef73d0fc3d7b177a255a2,,,,,,,,,
68,apache/camel,core/camel-support/src/main/java/org/apache/camel/support/EventHelper.java,EventHelper.java,L132 - L132,git diff 172873c 063c39a core/camel-support/src/main/java/org/apache/camel/support/EventHelper.java,https://github.com/apache/camel/commit/063c39ad94df766a9b6ef73d0fc3d7b177a255a2,,,,,,,,,
69,apache/camel,core/camel-support/src/main/java/org/apache/camel/support/EventHelper.java,EventHelper.java,L138 - L138,git diff 172873c 063c39a core/camel-support/src/main/java/org/apache/camel/support/EventHelper.java,https://github.com/apache/camel/commit/063c39ad94df766a9b6ef73d0fc3d7b177a255a2,,,,,,,,,
70,apache/camel,core/camel-support/src/main/java/org/apache/camel/support/EventHelper.java,EventHelper.java,L144 - L144,git diff 172873c 063c39a core/camel-support/src/main/java/org/apache/camel/support/EventHelper.java,https://github.com/apache/camel/commit/063c39ad94df766a9b6ef73d0fc3d7b177a255a2,,,,,,,,,
71,apache/camel,core/camel-support/src/main/java/org/apache/camel/support/EventHelper.java,EventHelper.java,L150 - L150,git diff 172873c 063c39a core/camel-support/src/main/java/org/apache/camel/support/EventHelper.java,https://github.com/apache/camel/commit/063c39ad94df766a9b6ef73d0fc3d7b177a255a2,,,,,,,,,
72,apache/camel,core/camel-support/src/main/java/org/apache/camel/support/EventHelper.java,EventHelper.java,L156 - L156,git diff 172873c 063c39a core/camel-support/src/main/java/org/apache/camel/support/EventHelper.java,https://github.com/apache/camel/commit/063c39ad94df766a9b6ef73d0fc3d7b177a255a2,,,,,,,,,
73,apache/camel,core/camel-support/src/main/java/org/apache/camel/support/EventHelper.java,EventHelper.java,L163 - L163,git diff 172873c 063c39a core/camel-support/src/main/java/org/apache/camel/support/EventHelper.java,https://github.com/apache/camel/commit/063c39ad94df766a9b6ef73d0fc3d7b177a255a2,,,,,,,,,
74,apache/camel,core/camel-support/src/main/java/org/apache/camel/support/EventHelper.java,EventHelper.java,L170 - L170,git diff 172873c 063c39a core/camel-support/src/main/java/org/apache/camel/support/EventHelper.java,https://github.com/apache/camel/commit/063c39ad94df766a9b6ef73d0fc3d7b177a255a2,,,,,,,,,
75,apache/camel,core/camel-support/src/main/java/org/apache/camel/support/EventHelper.java,EventHelper.java,L176 - L176,git diff 172873c 063c39a core/camel-support/src/main/java/org/apache/camel/support/EventHelper.java,https://github.com/apache/camel/commit/063c39ad94df766a9b6ef73d0fc3d7b177a255a2,,,,,,,,,
76,apache/camel,core/camel-support/src/main/java/org/apache/camel/support/EventHelper.java,EventHelper.java,L182 - L182,git diff 172873c 063c39a core/camel-support/src/main/java/org/apache/camel/support/EventHelper.java,https://github.com/apache/camel/commit/063c39ad94df766a9b6ef73d0fc3d7b177a255a2,,,,,,,,,
77,apache/camel,core/camel-support/src/main/java/org/apache/camel/support/EventHelper.java,EventHelper.java,L212 - L212,git diff 172873c 063c39a core/camel-support/src/main/java/org/apache/camel/support/EventHelper.java,https://github.com/apache/camel/commit/063c39ad94df766a9b6ef73d0fc3d7b177a255a2,,,,,,,,,
78,apache/camel,core/camel-support/src/main/java/org/apache/camel/support/EventHelper.java,EventHelper.java,L218 - L218,git diff 172873c 063c39a core/camel-support/src/main/java/org/apache/camel/support/EventHelper.java,https://github.com/apache/camel/commit/063c39ad94df766a9b6ef73d0fc3d7b177a255a2,,,,,,,,,
79,apache/camel,core/camel-support/src/main/java/org/apache/camel/support/EventHelper.java,EventHelper.java,L224 - L224,git diff 172873c 063c39a core/camel-support/src/main/java/org/apache/camel/support/EventHelper.java,https://github.com/apache/camel/commit/063c39ad94df766a9b6ef73d0fc3d7b177a255a2,,,,,,,,,
80,apache/camel,core/camel-support/src/main/java/org/apache/camel/support/EventHelper.java,EventHelper.java,L230 - L230,git diff 172873c 063c39a core/camel-support/src/main/java/org/apache/camel/support/EventHelper.java,https://github.com/apache/camel/commit/063c39ad94df766a9b6ef73d0fc3d7b177a255a2,,,,,,,,,
81,apache/camel,core/camel-support/src/main/java/org/apache/camel/support/EventHelper.java,EventHelper.java,L236 - L236,git diff 172873c 063c39a core/camel-support/src/main/java/org/apache/camel/support/EventHelper.java,https://github.com/apache/camel/commit/063c39ad94df766a9b6ef73d0fc3d7b177a255a2,,,,,,,,,
82,apache/camel,core/camel-util/src/main/java/org/apache/camel/util/URISupport.java,URISupport.java,L285 - L288,git diff 172873c 063c39a core/camel-util/src/main/java/org/apache/camel/util/URISupport.java,https://github.com/apache/camel/commit/063c39ad94df766a9b6ef73d0fc3d7b177a255a2,,,,,,,,,
83,apache/camel,core/camel-util/src/main/java/org/apache/camel/util/URISupport.java,URISupport.java,L292 - L292,git diff 172873c 063c39a core/camel-util/src/main/java/org/apache/camel/util/URISupport.java,https://github.com/apache/camel/commit/063c39ad94df766a9b6ef73d0fc3d7b177a255a2,,,,,,,,,
84,apache/camel,core/camel-util/src/main/java/org/apache/camel/util/URISupport.java,URISupport.java,L431 - L436,git diff 172873c 063c39a core/camel-util/src/main/java/org/apache/camel/util/URISupport.java,https://github.com/apache/camel/commit/063c39ad94df766a9b6ef73d0fc3d7b177a255a2,,,,,,,,,
85,apache/camel,tooling/maven/camel-package-maven-plugin/src/main/java/org/apache/camel/maven/packaging/UpdateDocComponentListMojo.java,UpdateDocComponentListMojo.java,L159 - L159,git diff 172873c 063c39a tooling/maven/camel-package-maven-plugin/src/main/java/org/apache/camel/maven/packaging/UpdateDocComponentListMojo.java,https://github.com/apache/camel/commit/063c39ad94df766a9b6ef73d0fc3d7b177a255a2,,,,,,,,,
86,apache/camel,tooling/maven/camel-package-maven-plugin/src/main/java/org/apache/camel/maven/packaging/UpdateDocComponentListMojo.java,UpdateDocComponentListMojo.java,L207 - L207,git diff 172873c 063c39a tooling/maven/camel-package-maven-plugin/src/main/java/org/apache/camel/maven/packaging/UpdateDocComponentListMojo.java,https://github.com/apache/camel/commit/063c39ad94df766a9b6ef73d0fc3d7b177a255a2,,,,,,,,,
87,apache/camel,tooling/maven/camel-package-maven-plugin/src/main/java/org/apache/camel/maven/packaging/UpdateDocComponentListMojo.java,UpdateDocComponentListMojo.java,L262 - L262,git diff 172873c 063c39a tooling/maven/camel-package-maven-plugin/src/main/java/org/apache/camel/maven/packaging/UpdateDocComponentListMojo.java,https://github.com/apache/camel/commit/063c39ad94df766a9b6ef73d0fc3d7b177a255a2,,,,,,,,,
88,apache/camel,tooling/maven/camel-package-maven-plugin/src/main/java/org/apache/camel/maven/packaging/UpdateDocComponentListMojo.java,UpdateDocComponentListMojo.java,L311 - L311,git diff 172873c 063c39a tooling/maven/camel-package-maven-plugin/src/main/java/org/apache/camel/maven/packaging/UpdateDocComponentListMojo.java,https://github.com/apache/camel/commit/063c39ad94df766a9b6ef73d0fc3d7b177a255a2,,,,,,,,,
89,apache/camel,core/camel-core-engine/src/main/java/org/apache/camel/impl/DefaultCamelContext.java,DefaultCamelContext.java,L208 - L209,git diff 9b24690 73b7290 core/camel-core-engine/src/main/java/org/apache/camel/impl/DefaultCamelContext.java,https://github.com/apache/camel/commit/73b7290d523c8290d756ca2c9167f53fb8d8a1f0,,,,,,,,,
90,apache/camel,core/camel-core-engine/src/main/java/org/apache/camel/impl/DefaultCamelContext.java,DefaultCamelContext.java,L299 - L300,git diff 9b24690 73b7290 core/camel-core-engine/src/main/java/org/apache/camel/impl/DefaultCamelContext.java,https://github.com/apache/camel/commit/73b7290d523c8290d756ca2c9167f53fb8d8a1f0,,,,,,,,,
91,apache/camel,core/camel-core-engine/src/main/java/org/apache/camel/impl/DefaultCamelContext.java,DefaultCamelContext.java,L324 - L325,git diff 9b24690 73b7290 core/camel-core-engine/src/main/java/org/apache/camel/impl/DefaultCamelContext.java,https://github.com/apache/camel/commit/73b7290d523c8290d756ca2c9167f53fb8d8a1f0,,,,,,,,,
92,apache/camel,core/camel-core-engine/src/main/java/org/apache/camel/impl/DefaultCamelContext.java,DefaultCamelContext.java,L332 - L333,git diff 9b24690 73b7290 core/camel-core-engine/src/main/java/org/apache/camel/impl/DefaultCamelContext.java,https://github.com/apache/camel/commit/73b7290d523c8290d756ca2c9167f53fb8d8a1f0,,,,,,,,,
93,apache/camel,core/camel-core-engine/src/main/java/org/apache/camel/impl/DefaultCamelContext.java,DefaultCamelContext.java,L345 - L346,git diff 9b24690 73b7290 core/camel-core-engine/src/main/java/org/apache/camel/impl/DefaultCamelContext.java,https://github.com/apache/camel/commit/73b7290d523c8290d756ca2c9167f53fb8d8a1f0,,,,,,,,,
94,apache/camel,core/camel-core-engine/src/main/java/org/apache/camel/impl/DefaultCamelContext.java,DefaultCamelContext.java,L353 - L354,git diff 9b24690 73b7290 core/camel-core-engine/src/main/java/org/apache/camel/impl/DefaultCamelContext.java,https://github.com/apache/camel/commit/73b7290d523c8290d756ca2c9167f53fb8d8a1f0,,,,,,,,,
95,apache/camel,core/camel-core-engine/src/main/java/org/apache/camel/impl/DefaultCamelContext.java,DefaultCamelContext.java,L391 - L392,git diff 9b24690 73b7290 core/camel-core-engine/src/main/java/org/apache/camel/impl/DefaultCamelContext.java,https://github.com/apache/camel/commit/73b7290d523c8290d756ca2c9167f53fb8d8a1f0,,,,,,,,,
96,apache/camel,core/camel-util/src/main/java/org/apache/camel/util/URISupport.java,URISupport.java,L285 - L288,git diff 340407b 1186efb core/camel-util/src/main/java/org/apache/camel/util/URISupport.java,https://github.com/apache/camel/commit/1186efb7769e1344f0d67a08ab7c4507b8cf8671,,,,,,,,,
97,apache/camel,core/camel-util/src/main/java/org/apache/camel/util/URISupport.java,URISupport.java,L292 - L292,git diff 340407b 1186efb core/camel-util/src/main/java/org/apache/camel/util/URISupport.java,https://github.com/apache/camel/commit/1186efb7769e1344f0d67a08ab7c4507b8cf8671,,,,,,,,,
98,apache/camel,core/camel-util/src/main/java/org/apache/camel/util/URISupport.java,URISupport.java,L431 - L436,git diff 340407b 1186efb core/camel-util/src/main/java/org/apache/camel/util/URISupport.java,https://github.com/apache/camel/commit/1186efb7769e1344f0d67a08ab7c4507b8cf8671,,,,,,,,,
99,apache/camel,components/camel-milo/src/main/java/org/apache/camel/component/milo/server/MiloServerComponent.java,MiloServerComponent.java,L148 - L148,git diff d3b1b95 632ceab components/camel-milo/src/main/java/org/apache/camel/component/milo/server/MiloServerComponent.java,https://github.com/apache/camel/commit/632ceab55a9e9b9c6bfcf472fbd13dde9f43b2f9,,,,,,,,,
100,apache/camel,tooling/maven/camel-package-maven-plugin/src/main/java/org/apache/camel/maven/packaging/ComponentDslMojo.java,ComponentDslMojo.java,L217 - L217,git diff dd9d37e ca2cef8 tooling/maven/camel-package-maven-plugin/src/main/java/org/apache/camel/maven/packaging/ComponentDslMojo.java,https://github.com/apache/camel/commit/ca2cef8908e12a5fed65b32ee6fdb888e19130be,,,,,,,,,
101,apache/camel,core/camel-base/src/main/java/org/apache/camel/processor/Pipeline.java,Pipeline.java,L96 - L96,git diff 58aff9f 28104c4 core/camel-base/src/main/java/org/apache/camel/processor/Pipeline.java,https://github.com/apache/camel/commit/28104c45df424730006a90c52cafda8f7dbcd303,,,,,,,,,
102,apache/camel,core/camel-base/src/main/java/org/apache/camel/processor/Pipeline.java,Pipeline.java,L98 - L98,git diff 58aff9f 28104c4 core/camel-base/src/main/java/org/apache/camel/processor/Pipeline.java,https://github.com/apache/camel/commit/28104c45df424730006a90c52cafda8f7dbcd303,,,,,,,,,
103,apache/camel,core/camel-base/src/main/java/org/apache/camel/processor/errorhandler/RedeliveryErrorHandler.java,RedeliveryErrorHandler.java,L388 - L396,git diff f23f9fb 2a79dcc core/camel-base/src/main/java/org/apache/camel/processor/errorhandler/RedeliveryErrorHandler.java,https://github.com/apache/camel/commit/2a79dccda2ce54ea5a5dff0b7a55e8d9430157bd,,,,,,,,,
104,apache/camel,core/camel-base/src/main/java/org/apache/camel/processor/Pipeline.java,Pipeline.java,L96 - L96,git diff ad1ebea d18688c core/camel-base/src/main/java/org/apache/camel/processor/Pipeline.java,https://github.com/apache/camel/commit/d18688cda33a3176751891c3cc6f0a0f304c57ef,,,,,,,,,
105,apache/camel,core/camel-base/src/main/java/org/apache/camel/processor/Pipeline.java,Pipeline.java,L98 - L98,git diff ad1ebea d18688c core/camel-base/src/main/java/org/apache/camel/processor/Pipeline.java,https://github.com/apache/camel/commit/d18688cda33a3176751891c3cc6f0a0f304c57ef,,,,,,,,,
106,apache/camel,core/camel-base/src/main/java/org/apache/camel/runtimecatalog/impl/AbstractCamelCatalog.java,AbstractCamelCatalog.java,L1137 - L1137,git diff cce51c7 d88e0c1 core/camel-base/src/main/java/org/apache/camel/runtimecatalog/impl/AbstractCamelCatalog.java,https://github.com/apache/camel/commit/d88e0c1032b6ed7a293ad2f1e056db2674a98961,,,,,,,,,
107,apache/camel,tooling/maven/camel-package-maven-plugin/src/main/java/org/apache/camel/maven/packaging/PackageComponentMojo.java,PackageComponentMojo.java,L135 - L135,git diff 5a99e92 e5949ee tooling/maven/camel-package-maven-plugin/src/main/java/org/apache/camel/maven/packaging/PackageComponentMojo.java,https://github.com/apache/camel/commit/e5949ee6a0f2ad79837698d853ee48f4d2a671d1,,,,,,,,,
108,apache/camel,tooling/maven/camel-package-maven-plugin/src/main/java/org/apache/camel/maven/packaging/UpdateDocComponentListMojo.java,UpdateDocComponentListMojo.java,L159 - L159,git diff 5a99e92 e5949ee tooling/maven/camel-package-maven-plugin/src/main/java/org/apache/camel/maven/packaging/UpdateDocComponentListMojo.java,https://github.com/apache/camel/commit/e5949ee6a0f2ad79837698d853ee48f4d2a671d1,,,,,,,,,
109,apache/camel,tooling/maven/camel-package-maven-plugin/src/main/java/org/apache/camel/maven/packaging/UpdateDocComponentListMojo.java,UpdateDocComponentListMojo.java,L203 - L203,git diff 5a99e92 e5949ee tooling/maven/camel-package-maven-plugin/src/main/java/org/apache/camel/maven/packaging/UpdateDocComponentListMojo.java,https://github.com/apache/camel/commit/e5949ee6a0f2ad79837698d853ee48f4d2a671d1,,,,,,,,,
110,apache/camel,tooling/maven/camel-package-maven-plugin/src/main/java/org/apache/camel/maven/packaging/UpdateDocComponentListMojo.java,UpdateDocComponentListMojo.java,L254 - L254,git diff 5a99e92 e5949ee tooling/maven/camel-package-maven-plugin/src/main/java/org/apache/camel/maven/packaging/UpdateDocComponentListMojo.java,https://github.com/apache/camel/commit/e5949ee6a0f2ad79837698d853ee48f4d2a671d1,,,,,,,,,
111,apache/camel,tooling/maven/camel-package-maven-plugin/src/main/java/org/apache/camel/maven/packaging/UpdateDocComponentListMojo.java,UpdateDocComponentListMojo.java,L299 - L299,git diff 5a99e92 e5949ee tooling/maven/camel-package-maven-plugin/src/main/java/org/apache/camel/maven/packaging/UpdateDocComponentListMojo.java,https://github.com/apache/camel/commit/e5949ee6a0f2ad79837698d853ee48f4d2a671d1,,,,,,,,,
112,apache/camel,tooling/camel-tooling-util/src/test/java/org/apache/camel/tooling/util/PackageHelperTest.java,PackageHelperTest.java,L42 - L42,git diff b46b88b 41ed1d4 tooling/camel-tooling-util/src/test/java/org/apache/camel/tooling/util/PackageHelperTest.java,https://github.com/apache/camel/commit/41ed1d42641fd0246324dccfe56953833f66ba15,,,,,,,,,
113,apache/camel,tooling/camel-tooling-util/src/test/java/org/apache/camel/tooling/util/PackageHelperTest.java,PackageHelperTest.java,L42 - L42,git diff b46b88b 41ed1d4 tooling/camel-tooling-util/src/test/java/org/apache/camel/tooling/util/PackageHelperTest.java,https://github.com/apache/camel/commit/41ed1d42641fd0246324dccfe56953833f66ba15,,,,,,,,,
114,apache/camel,tooling/maven/camel-package-maven-plugin/src/main/java/org/apache/camel/maven/packaging/EndpointDslMojo.java,EndpointDslMojo.java,L476 - L476,git diff d86740c 94ecbb7 tooling/maven/camel-package-maven-plugin/src/main/java/org/apache/camel/maven/packaging/EndpointDslMojo.java,https://github.com/apache/camel/commit/94ecbb7b37d4d570ff443b6260fec483259c7f54,,,,,,,,,
115,apache/camel,core/camel-base/src/main/java/org/apache/camel/impl/converter/BaseTypeConverterRegistry.java,BaseTypeConverterRegistry.java,L529 - L529,git diff df132ae 69732ec core/camel-base/src/main/java/org/apache/camel/impl/converter/BaseTypeConverterRegistry.java,https://github.com/apache/camel/commit/69732ece14699a2d0eb6d68a65a49a6b0e7f42d2,,,,,,,,,
116,apache/camel,core/camel-base/src/main/java/org/apache/camel/impl/converter/BaseTypeConverterRegistry.java,BaseTypeConverterRegistry.java,L531 - L531,git diff df132ae 69732ec core/camel-base/src/main/java/org/apache/camel/impl/converter/BaseTypeConverterRegistry.java,https://github.com/apache/camel/commit/69732ece14699a2d0eb6d68a65a49a6b0e7f42d2,,,,,,,,,
117,apache/camel,core/camel-base/src/main/java/org/apache/camel/impl/converter/BaseTypeConverterRegistry.java,BaseTypeConverterRegistry.java,L553 - L553,git diff 1c7f823 6a12be0 core/camel-base/src/main/java/org/apache/camel/impl/converter/BaseTypeConverterRegistry.java,https://github.com/apache/camel/commit/6a12be02f9bf4b568fba860d162bce5cd703b182,,,,,,,,,
118,apache/camel,core/camel-base/src/main/java/org/apache/camel/impl/converter/BaseTypeConverterRegistry.java,BaseTypeConverterRegistry.java,L554 - L554,git diff 1c7f823 6a12be0 core/camel-base/src/main/java/org/apache/camel/impl/converter/BaseTypeConverterRegistry.java,https://github.com/apache/camel/commit/6a12be02f9bf4b568fba860d162bce5cd703b182,,,,,,,,,
119,apache/camel,components/camel-salesforce/camel-salesforce-component/src/main/java/org/apache/camel/component/salesforce/internal/client/DefaultCompositeApiClient.java,DefaultCompositeApiClient.java,L171 - L171,git diff f778548 2abf46d components/camel-salesforce/camel-salesforce-component/src/main/java/org/apache/camel/component/salesforce/internal/client/DefaultCompositeApiClient.java,https://github.com/apache/camel/commit/2abf46da4c86bccc22422029f88cfe9a975f3490,,,,,,,,,
120,apache/camel,components/camel-salesforce/camel-salesforce-component/src/main/java/org/apache/camel/component/salesforce/internal/client/DefaultCompositeApiClient.java,DefaultCompositeApiClient.java,L177 - L177,git diff f778548 2abf46d components/camel-salesforce/camel-salesforce-component/src/main/java/org/apache/camel/component/salesforce/internal/client/DefaultCompositeApiClient.java,https://github.com/apache/camel/commit/2abf46da4c86bccc22422029f88cfe9a975f3490,,,,,,,,,
121,apache/camel,core/camel-support/src/main/java/org/apache/camel/support/PropertyBindingSupport.java,PropertyBindingSupport.java,L525 - L543,git diff 436dc90 205f75f core/camel-support/src/main/java/org/apache/camel/support/PropertyBindingSupport.java,https://github.com/apache/camel/commit/205f75f278b5d48fcb39f0a6a2f4e5b2a5ac063c,,,,,,,,,
122,apache/camel,components/camel-jetty/src/test/java/org/apache/camel/component/jetty/JettyThreadPoolSizeTest.java,JettyThreadPoolSizeTest.java,L32 - L32,git diff 27c936a 918d8d3 components/camel-jetty/src/test/java/org/apache/camel/component/jetty/JettyThreadPoolSizeTest.java,https://github.com/apache/camel/commit/918d8d30e4bb1be04eb390279e18fb829e819e11,,,,,,,,,
123,apache/camel,components/camel-jetty/src/test/java/org/apache/camel/component/jetty/JettyThreadPoolSizeTest.java,JettyThreadPoolSizeTest.java,L43 - L43,git diff 27c936a 918d8d3 components/camel-jetty/src/test/java/org/apache/camel/component/jetty/JettyThreadPoolSizeTest.java,https://github.com/apache/camel/commit/918d8d30e4bb1be04eb390279e18fb829e819e11,,,,,,,,,
124,apache/camel,components/camel-netty-http/src/test/java/org/apache/camel/component/netty/http/ProxyProtocolTest.java,ProxyProtocolTest.java,L52 - L52,git diff 075a5ac c503927 components/camel-netty-http/src/test/java/org/apache/camel/component/netty/http/ProxyProtocolTest.java,https://github.com/apache/camel/commit/c503927bdc376b72118081ca084ca1d96204249c,,,,,,,,,
125,apache/camel,components/camel-caffeine/src/main/java/org/apache/camel/component/caffeine/cache/CaffeineCacheProducer.java,CaffeineCacheProducer.java,L36 - L36,git diff eef7d23 5f24f43 components/camel-caffeine/src/main/java/org/apache/camel/component/caffeine/cache/CaffeineCacheProducer.java,https://github.com/apache/camel/commit/5f24f43ada5a10b8f10acbf1668e1cd895971c84,,,,,,,,,
126,apache/camel,components/camel-caffeine/src/main/java/org/apache/camel/component/caffeine/load/CaffeineLoadCacheProducer.java,CaffeineLoadCacheProducer.java,L36 - L36,git diff eef7d23 5f24f43 components/camel-caffeine/src/main/java/org/apache/camel/component/caffeine/load/CaffeineLoadCacheProducer.java,https://github.com/apache/camel/commit/5f24f43ada5a10b8f10acbf1668e1cd895971c84,,,,,,,,,
127,apache/camel,components/camel-ehcache/src/main/java/org/apache/camel/component/ehcache/EhcacheProducer.java,EhcacheProducer.java,L35 - L35,git diff eef7d23 5f24f43 components/camel-ehcache/src/main/java/org/apache/camel/component/ehcache/EhcacheProducer.java,https://github.com/apache/camel/commit/5f24f43ada5a10b8f10acbf1668e1cd895971c84,,,,,,,,,
128,apache/camel,core/camel-base/src/main/java/org/apache/camel/impl/engine/DefaultFluentProducerTemplate.java,DefaultFluentProducerTemplate.java,L241 - L241,git diff 7e86b1d ce44147 core/camel-base/src/main/java/org/apache/camel/impl/engine/DefaultFluentProducerTemplate.java,https://github.com/apache/camel/commit/ce441479b98eedd4371d011c5230fc5b1acd0e79,,,,,,,,,
129,apache/camel,core/camel-base/src/main/java/org/apache/camel/impl/engine/DefaultFluentProducerTemplate.java,DefaultFluentProducerTemplate.java,L306 - L306,git diff 7e86b1d ce44147 core/camel-base/src/main/java/org/apache/camel/impl/engine/DefaultFluentProducerTemplate.java,https://github.com/apache/camel/commit/ce441479b98eedd4371d011c5230fc5b1acd0e79,,,,,,,,,
130,apache/camel,core/camel-base/src/main/java/org/apache/camel/impl/engine/DefaultFluentProducerTemplate.java,DefaultFluentProducerTemplate.java,L316 - L316,git diff 7e86b1d ce44147 core/camel-base/src/main/java/org/apache/camel/impl/engine/DefaultFluentProducerTemplate.java,https://github.com/apache/camel/commit/ce441479b98eedd4371d011c5230fc5b1acd0e79,,,,,,,,,
131,apache/camel,core/camel-base/src/main/java/org/apache/camel/impl/engine/DefaultFluentProducerTemplate.java,DefaultFluentProducerTemplate.java,L339 - L339,git diff 7e86b1d ce44147 core/camel-base/src/main/java/org/apache/camel/impl/engine/DefaultFluentProducerTemplate.java,https://github.com/apache/camel/commit/ce441479b98eedd4371d011c5230fc5b1acd0e79,,,,,,,,,
132,apache/camel,components/camel-cdi/src/main/java/org/apache/camel/cdi/CdiCamelExtension.java,CdiCamelExtension.java,L356 - L356,git diff 5c6bd84 8799825 components/camel-cdi/src/main/java/org/apache/camel/cdi/CdiCamelExtension.java,https://github.com/apache/camel/commit/87998250fb56e561643e192874ba00c5ff3a1b9c,,,,,,,,,
133,apache/camel,components/camel-cdi/src/main/java/org/apache/camel/cdi/CdiCamelExtension.java,CdiCamelExtension.java,L357 - L357,git diff 5c6bd84 8799825 components/camel-cdi/src/main/java/org/apache/camel/cdi/CdiCamelExtension.java,https://github.com/apache/camel/commit/87998250fb56e561643e192874ba00c5ff3a1b9c,,,,,,,,,
134,apache/camel,components/camel-cdi/src/main/java/org/apache/camel/cdi/CdiCamelExtension.java,CdiCamelExtension.java,L358 - L358,git diff 5c6bd84 8799825 components/camel-cdi/src/main/java/org/apache/camel/cdi/CdiCamelExtension.java,https://github.com/apache/camel/commit/87998250fb56e561643e192874ba00c5ff3a1b9c,,,,,,,,,
135,apache/camel,components/camel-cdi/src/main/java/org/apache/camel/cdi/CdiCamelExtension.java,CdiCamelExtension.java,L359 - L359,git diff 5c6bd84 8799825 components/camel-cdi/src/main/java/org/apache/camel/cdi/CdiCamelExtension.java,https://github.com/apache/camel/commit/87998250fb56e561643e192874ba00c5ff3a1b9c,,,,,,,,,
136,apache/camel,components/camel-cdi/src/main/java/org/apache/camel/cdi/CdiCamelExtension.java,CdiCamelExtension.java,L360 - L360,git diff 5c6bd84 8799825 components/camel-cdi/src/main/java/org/apache/camel/cdi/CdiCamelExtension.java,https://github.com/apache/camel/commit/87998250fb56e561643e192874ba00c5ff3a1b9c,,,,,,,,,
137,apache/camel,core/camel-core/src/main/java/org/apache/camel/main/MainSupport.java,MainSupport.java,L1268 - L1283,git diff 5af11b8 0301d11 core/camel-core/src/main/java/org/apache/camel/main/MainSupport.java,https://github.com/apache/camel/commit/0301d11a194473fa1280dcf37474e76048559afa,,,,,,,,,
138,apache/camel,components/camel-grpc/src/main/java/org/apache/camel/component/grpc/client/GrpcResponseRouterStreamObserver.java,GrpcResponseRouterStreamObserver.java,L78 - L78,git diff c993d9a eb5d456 components/camel-grpc/src/main/java/org/apache/camel/component/grpc/client/GrpcResponseRouterStreamObserver.java,https://github.com/apache/camel/commit/eb5d4565f9770482157c8bd87775632964d18ebc,,,,,,,,,
139,apache/camel,components/camel-cdi/src/main/java/org/apache/camel/cdi/Main.java,Main.java,L80 - L81,git diff b017abe bfe9fc4 components/camel-cdi/src/main/java/org/apache/camel/cdi/Main.java,https://github.com/apache/camel/commit/bfe9fc4ab9a187c674db2e7f5a0972c6b7eb52e7,,,,,,,,,
140,apache/camel,tooling/maven/camel-package-maven-plugin/src/main/java/org/apache/camel/maven/packaging/PackageHelper.java,PackageHelper.java,L191 - L191,git diff 158cb22 0759e2f tooling/maven/camel-package-maven-plugin/src/main/java/org/apache/camel/maven/packaging/PackageHelper.java,https://github.com/apache/camel/commit/0759e2f9e548ad6af1f58a82a4e06a9134a9382d,,,,,,,,,
141,apache/camel,tooling/apt/src/main/java/org/apache/camel/tools/apt/SpiProcessor.java,SpiProcessor.java,L49 - L49,git diff 939faa6 ec4900c tooling/apt/src/main/java/org/apache/camel/tools/apt/SpiProcessor.java,https://github.com/apache/camel/commit/ec4900c9fa3f6aaed26ef38480da1d419419bf02,,,,,,,,,
142,apache/camel,tooling/apt/src/main/java/org/apache/camel/tools/apt/SpiProcessor.java,SpiProcessor.java,L53 - L53,git diff 939faa6 ec4900c tooling/apt/src/main/java/org/apache/camel/tools/apt/SpiProcessor.java,https://github.com/apache/camel/commit/ec4900c9fa3f6aaed26ef38480da1d419419bf02,,,,,,,,,
143,apache/camel,camel-core/src/main/java/org/apache/camel/component/file/FileConsumer.java,FileConsumer.java,L90 - L90,git diff cf33e65 93fbf29 camel-core/src/main/java/org/apache/camel/component/file/FileConsumer.java,https://github.com/apache/camel/commit/93fbf291933b5cdeca452d9f8106dbf8bf0b5b19,,,,,,,,,
144,apache/camel,components/camel-grpc/src/main/java/org/apache/camel/component/grpc/client/GrpcResponseRouterStreamObserver.java,GrpcResponseRouterStreamObserver.java,L55 - L56,git diff 2037535 5908343 components/camel-grpc/src/main/java/org/apache/camel/component/grpc/client/GrpcResponseRouterStreamObserver.java,https://github.com/apache/camel/commit/590834380a57a8061d1bb512ee55e68b74025cb0,,,,,,,,,
145,apache/camel,components/camel-grpc/src/main/java/org/apache/camel/component/grpc/client/GrpcResponseRouterStreamObserver.java,GrpcResponseRouterStreamObserver.java,L66 - L67,git diff 2037535 5908343 components/camel-grpc/src/main/java/org/apache/camel/component/grpc/client/GrpcResponseRouterStreamObserver.java,https://github.com/apache/camel/commit/590834380a57a8061d1bb512ee55e68b74025cb0,,,,,,,,,
146,apache/camel,components/camel-grpc/src/main/java/org/apache/camel/component/grpc/client/GrpcResponseRouterStreamObserver.java,GrpcResponseRouterStreamObserver.java,L76 - L77,git diff 2037535 5908343 components/camel-grpc/src/main/java/org/apache/camel/component/grpc/client/GrpcResponseRouterStreamObserver.java,https://github.com/apache/camel/commit/590834380a57a8061d1bb512ee55e68b74025cb0,,,,,,,,,
147,apache/camel,camel-core/src/main/java/org/apache/camel/impl/converter/BaseTypeConverterRegistry.java,BaseTypeConverterRegistry.java,L502 - L502,git diff a13a9e1 06c2432 camel-core/src/main/java/org/apache/camel/impl/converter/BaseTypeConverterRegistry.java,https://github.com/apache/camel/commit/06c24320fe96ebb957f6160634b3831b09c7f198,,,,,,,,,
148,apache/camel,camel-core/src/main/java/org/apache/camel/impl/ProducerCache.java,ProducerCache.java,L310 - L336,git diff 291b481 cd9a266 camel-core/src/main/java/org/apache/camel/impl/ProducerCache.java,https://github.com/apache/camel/commit/cd9a266de9b23629a0ac8b8e3203113ffd8ba8ad,,,,,,,,,
149,apache/camel,camel-core/src/main/java/org/apache/camel/impl/DefaultCamelContext.java,DefaultCamelContext.java,L472 - L475,git diff 9d946dc 248cb88 camel-core/src/main/java/org/apache/camel/impl/DefaultCamelContext.java,https://github.com/apache/camel/commit/248cb88ffca1dfe5ae26f4dbbac6348a5b042523,,,,,,,,,
150,apache/camel,camel-core/src/main/java/org/apache/camel/impl/DefaultFactoryFinder.java,DefaultFactoryFinder.java,L82 - L82,git diff 9d946dc 248cb88 camel-core/src/main/java/org/apache/camel/impl/DefaultFactoryFinder.java,https://github.com/apache/camel/commit/248cb88ffca1dfe5ae26f4dbbac6348a5b042523,,,,,,,,,
151,apache/camel,camel-core/src/main/java/org/apache/camel/impl/DefaultFactoryFinder.java,DefaultFactoryFinder.java,L163 - L173,git diff 9d946dc 248cb88 camel-core/src/main/java/org/apache/camel/impl/DefaultFactoryFinder.java,https://github.com/apache/camel/commit/248cb88ffca1dfe5ae26f4dbbac6348a5b042523,,,,,,,,,
152,apache/camel,camel-core/src/main/java/org/apache/camel/processor/Throttler.java,Throttler.java,L517 - L517,git diff 9d946dc 248cb88 camel-core/src/main/java/org/apache/camel/processor/Throttler.java,https://github.com/apache/camel/commit/248cb88ffca1dfe5ae26f4dbbac6348a5b042523,,,,,,,,,
153,apache/camel,camel-core/src/main/java/org/apache/camel/processor/Throttler.java,Throttler.java,L517 - L517,git diff dd39d79 8517fdf camel-core/src/main/java/org/apache/camel/processor/Throttler.java,https://github.com/apache/camel/commit/8517fdfc2d934bc4bd1254dcd983e02b3ef4f5e8,,,,,,,,,
154,apache/camel,camel-core/src/main/java/org/apache/camel/impl/DefaultCamelContext.java,DefaultCamelContext.java,L464 - L467,git diff 2a8432d 9fc335f camel-core/src/main/java/org/apache/camel/impl/DefaultCamelContext.java,https://github.com/apache/camel/commit/9fc335ffa767df4cf06c5127733518758c2c8fda,,,,,,,,,
155,apache/camel,components/camel-service/src/main/java/org/apache/camel/component/service/ServiceComponent.java,ServiceComponent.java,L70 - L74,git diff d45a5df 4512c44 components/camel-service/src/main/java/org/apache/camel/component/service/ServiceComponent.java,https://github.com/apache/camel/commit/4512c44b37332871c65ba156e4be6b5be2939e0d,,,,,,,,,
156,apache/camel,components/camel-spring-cloud/src/main/java/org/apache/camel/spring/cloud/CamelSpringCloudServiceLoadBalancer.java,CamelSpringCloudServiceLoadBalancer.java,L66 - L66,git diff d45a5df 4512c44 components/camel-spring-cloud/src/main/java/org/apache/camel/spring/cloud/CamelSpringCloudServiceLoadBalancer.java,https://github.com/apache/camel/commit/4512c44b37332871c65ba156e4be6b5be2939e0d,,,,,,,,,
157,apache/camel,camel-core/src/main/java/org/apache/camel/impl/cloud/StaticServiceDiscovery.java,StaticServiceDiscovery.java,L138 - L138,git diff bf088d7 5e6b7f0 camel-core/src/main/java/org/apache/camel/impl/cloud/StaticServiceDiscovery.java,https://github.com/apache/camel/commit/5e6b7f0ac057e201d1bca18adaeb667e64d3de10,,,,,,,,,
158,apache/camel,components/camel-micrometer/src/main/java/org/apache/camel/component/micrometer/eventnotifier/MicrometerExchangeEventNotifier.java,MicrometerExchangeEventNotifier.java,L39 - L39,git diff 3871572 2e437b7 components/camel-micrometer/src/main/java/org/apache/camel/component/micrometer/eventnotifier/MicrometerExchangeEventNotifier.java,https://github.com/apache/camel/commit/2e437b7e79b797193a78b5c263e6d3ca8ff40007,,,,,,,,,
159,apache/camel,components/camel-micrometer/src/main/java/org/apache/camel/component/micrometer/AbstractMicrometerProducer.java,AbstractMicrometerProducer.java,L93 - L94,git diff 949feeb 0433154 components/camel-micrometer/src/main/java/org/apache/camel/component/micrometer/AbstractMicrometerProducer.java,https://github.com/apache/camel/commit/043315469656bcc9f8c0c07868cda92bbd14f472,,,,,,,,,
160,apache/camel,components/camel-mongodb3/src/main/java/org/apache/camel/component/mongodb3/MongoDbProducer.java,MongoDbProducer.java,L523 - L523,git diff 9e773e0 90580cc components/camel-mongodb3/src/main/java/org/apache/camel/component/mongodb3/MongoDbProducer.java,https://github.com/apache/camel/commit/90580cc9e43e13e1f2aa50bc48f188e3bdc440d4,,,,,,,,,
161,apache/camel,components/camel-salesforce/camel-salesforce-component/src/main/java/org/apache/camel/component/salesforce/internal/processor/AbstractRestProcessor.java,AbstractRestProcessor.java,L275 - L275,git diff 2de79b4 eb38af7 components/camel-salesforce/camel-salesforce-component/src/main/java/org/apache/camel/component/salesforce/internal/processor/AbstractRestProcessor.java,https://github.com/apache/camel/commit/eb38af78b850541037e14d4ce0919b13ed4b81c6,,,,,,,,,
162,apache/camel,components/camel-salesforce/camel-salesforce-component/src/main/java/org/apache/camel/component/salesforce/internal/processor/AbstractRestProcessor.java,AbstractRestProcessor.java,L302 - L302,git diff 2de79b4 eb38af7 components/camel-salesforce/camel-salesforce-component/src/main/java/org/apache/camel/component/salesforce/internal/processor/AbstractRestProcessor.java,https://github.com/apache/camel/commit/eb38af78b850541037e14d4ce0919b13ed4b81c6,,,,,,,,,
163,apache/camel,components/camel-salesforce/camel-salesforce-component/src/main/java/org/apache/camel/component/salesforce/internal/processor/AbstractRestProcessor.java,AbstractRestProcessor.java,L694 - L694,git diff 2de79b4 eb38af7 components/camel-salesforce/camel-salesforce-component/src/main/java/org/apache/camel/component/salesforce/internal/processor/AbstractRestProcessor.java,https://github.com/apache/camel/commit/eb38af78b850541037e14d4ce0919b13ed4b81c6,,,,,,,,,
164,apache/camel,components/camel-salesforce/camel-salesforce-component/src/main/java/org/apache/camel/component/salesforce/internal/processor/AbstractRestProcessor.java,AbstractRestProcessor.java,L698 - L698,git diff 2de79b4 eb38af7 components/camel-salesforce/camel-salesforce-component/src/main/java/org/apache/camel/component/salesforce/internal/processor/AbstractRestProcessor.java,https://github.com/apache/camel/commit/eb38af78b850541037e14d4ce0919b13ed4b81c6,,,,,,,,,
165,apache/camel,tooling/camel-route-parser/src/test/java/org/apache/camel/parser/java/RoasterRouteDuplicateIdBuilderDCamelTestSupportTest.java,RoasterRouteDuplicateIdBuilderDCamelTestSupportTest.java,L48 - L48,git diff ce6a953 553788b tooling/camel-route-parser/src/test/java/org/apache/camel/parser/java/RoasterRouteDuplicateIdBuilderDCamelTestSupportTest.java,https://github.com/apache/camel/commit/553788bba4ee7a5513d7c43f73573169a6411be5,,,,,,,,,
166,apache/camel,connectors/camel-connector/src/main/java/org/apache/camel/component/connector/ConnectorModel.java,ConnectorModel.java,L71 - L71,git diff 9c5b4be a750723 connectors/camel-connector/src/main/java/org/apache/camel/component/connector/ConnectorModel.java,https://github.com/apache/camel/commit/a7507237d680163a0f5672c466c1e4a9a7219d49,,,,,,,,,
167,apache/camel,components/camel-zookeeper/src/main/java/org/apache/camel/component/zookeeper/ha/ZooKeeperClusterView.java,ZooKeeperClusterView.java,L121 - L121,git diff dfbf7cc 96a7cfd components/camel-zookeeper/src/main/java/org/apache/camel/component/zookeeper/ha/ZooKeeperClusterView.java,https://github.com/apache/camel/commit/96a7cfdd691c35ca5c8d66de60103fa799aec9eb,,,,,,,,,
168,apache/camel,components/camel-servicenow/camel-servicenow-maven-plugin/src/main/java/org/apache/camel/maven/CamelServiceNowGenerateMojo.java,CamelServiceNowGenerateMojo.java,L257 - L261,git diff 8d66f16 e37135f components/camel-servicenow/camel-servicenow-maven-plugin/src/main/java/org/apache/camel/maven/CamelServiceNowGenerateMojo.java,https://github.com/apache/camel/commit/e37135fbc9f8b777d8001f6b136c651b695fe49e,,,,,,,,,
169,apache/camel,components/camel-mongodb/src/main/java/org/apache/camel/component/mongodb/MongoDbProducer.java,MongoDbProducer.java,L289 - L295,git diff 5407359 00fda9d components/camel-mongodb/src/main/java/org/apache/camel/component/mongodb/MongoDbProducer.java,https://github.com/apache/camel/commit/00fda9de987d4f30da18e441aac0fa0499ec06ec,,,,,,,,,
170,apache/camel,components/camel-mongodb3/src/main/java/org/apache/camel/component/mongodb3/MongoDbProducer.java,MongoDbProducer.java,L319 - L328,git diff 5407359 00fda9d components/camel-mongodb3/src/main/java/org/apache/camel/component/mongodb3/MongoDbProducer.java,https://github.com/apache/camel/commit/00fda9de987d4f30da18e441aac0fa0499ec06ec,,,,,,,,,
171,apache/camel,camel-core/src/test/java/org/apache/camel/management/ManagedRouteNoAutoStartupTest.java,ManagedRouteNoAutoStartupTest.java,L79 - L82,git diff 6c8bed7 1da5d65 camel-core/src/test/java/org/apache/camel/management/ManagedRouteNoAutoStartupTest.java,https://github.com/apache/camel/commit/1da5d65979b4510439aef045a28134f111d677ed,,,,,,,,,
172,apache/camel,camel-core/src/test/java/org/apache/camel/management/ManagedRoutePerformanceCounterTest.java,ManagedRoutePerformanceCounterTest.java,L58 - L61,git diff 6c8bed7 1da5d65 camel-core/src/test/java/org/apache/camel/management/ManagedRoutePerformanceCounterTest.java,https://github.com/apache/camel/commit/1da5d65979b4510439aef045a28134f111d677ed,,,,,,,,,
173,apache/camel,camel-core/src/test/java/org/apache/camel/management/ManagedRouteStopAndStartCleanupTest.java,ManagedRouteStopAndStartCleanupTest.java,L58 - L61,git diff 6c8bed7 1da5d65 camel-core/src/test/java/org/apache/camel/management/ManagedRouteStopAndStartCleanupTest.java,https://github.com/apache/camel/commit/1da5d65979b4510439aef045a28134f111d677ed,,,,,,,,,
174,apache/camel,components/camel-atomix/src/main/java/org/apache/camel/component/atomix/ha/AtomixClusterView.java,AtomixClusterView.java,L72 - L72,git diff 21b65d9 14f88f2 components/camel-atomix/src/main/java/org/apache/camel/component/atomix/ha/AtomixClusterView.java,https://github.com/apache/camel/commit/14f88f2e6cc0733dc72ff35a05973787c8dfec44,,,,,,,,,
175,apache/camel,camel-core/src/main/java/org/apache/camel/management/mbean/ManagedRoute.java,ManagedRoute.java,L495 - L499,git diff 4a3debe ce4e8f7 camel-core/src/main/java/org/apache/camel/management/mbean/ManagedRoute.java,https://github.com/apache/camel/commit/ce4e8f7df2dbc2b8cf9b0a55c8bba01010ad3e86,,,,,,,,,
176,apache/camel,camel-core/src/main/java/org/apache/camel/management/mbean/ManagedRoute.java,ManagedRoute.java,L505 - L508,git diff 4a3debe ce4e8f7 camel-core/src/main/java/org/apache/camel/management/mbean/ManagedRoute.java,https://github.com/apache/camel/commit/ce4e8f7df2dbc2b8cf9b0a55c8bba01010ad3e86,,,,,,,,,
177,apache/camel,camel-core/src/main/java/org/apache/camel/management/mbean/ManagedRoute.java,ManagedRoute.java,L514 - L517,git diff 4a3debe ce4e8f7 camel-core/src/main/java/org/apache/camel/management/mbean/ManagedRoute.java,https://github.com/apache/camel/commit/ce4e8f7df2dbc2b8cf9b0a55c8bba01010ad3e86,,,,,,,,,
178,apache/camel,camel-core/src/main/java/org/apache/camel/management/mbean/StatisticMaximum.java,StatisticMaximum.java,L26 - L32,git diff 3081eda 8bf8cd1 camel-core/src/main/java/org/apache/camel/management/mbean/StatisticMaximum.java,https://github.com/apache/camel/commit/8bf8cd1c4b059b63101616adee2fbc2407181e57,,,,,,,,,
179,apache/camel,camel-core/src/main/java/org/apache/camel/management/mbean/StatisticMinimum.java,StatisticMinimum.java,L26 - L32,git diff 3081eda 8bf8cd1 camel-core/src/main/java/org/apache/camel/management/mbean/StatisticMinimum.java,https://github.com/apache/camel/commit/8bf8cd1c4b059b63101616adee2fbc2407181e57,,,,,,,,,
180,apache/camel,components/camel-test/src/main/java/org/apache/camel/test/junit4/CamelTestSupport.java,CamelTestSupport.java,L522 - L522,git diff a724619 46f429b components/camel-test/src/main/java/org/apache/camel/test/junit4/CamelTestSupport.java,https://github.com/apache/camel/commit/46f429b3b11916eb6b4cb1898beb33174dbb76c6,,,,,,,,,
181,apache/camel,components/camel-ahc/src/test/java/org/apache/camel/component/ahc/AhcComponentClientConfigGlobalSslContextParametersTest.java,AhcComponentClientConfigGlobalSslContextParametersTest.java,L32 - L32,git diff ef916c2 8471034 components/camel-ahc/src/test/java/org/apache/camel/component/ahc/AhcComponentClientConfigGlobalSslContextParametersTest.java,https://github.com/apache/camel/commit/8471034ce6d027b1614ca8e98633321b5e26410f,,,,,,,,,
182,apache/camel,components/camel-cometd/src/test/java/org/apache/camel/component/cometd/SslGlobalContextParametersCometdProducerConsumerTest.java,SslGlobalContextParametersCometdProducerConsumerTest.java,L96 - L96,git diff ef916c2 8471034 components/camel-cometd/src/test/java/org/apache/camel/component/cometd/SslGlobalContextParametersCometdProducerConsumerTest.java,https://github.com/apache/camel/commit/8471034ce6d027b1614ca8e98633321b5e26410f,,,,,,,,,
183,apache/camel,components/camel-ftp/src/test/java/org/apache/camel/component/file/remote/FileToFtpsExplicitSSLWithoutClientAuthAndGlobalSSLContextParametersTest.java,FileToFtpsExplicitSSLWithoutClientAuthAndGlobalSSLContextParametersTest.java,L41 - L41,git diff ef916c2 8471034 components/camel-ftp/src/test/java/org/apache/camel/component/file/remote/FileToFtpsExplicitSSLWithoutClientAuthAndGlobalSSLContextParametersTest.java,https://github.com/apache/camel/commit/8471034ce6d027b1614ca8e98633321b5e26410f,,,,,,,,,
184,apache/camel,components/camel-lumberjack/src/test/java/org/apache/camel/component/lumberjack/LumberjackComponentGlobalSSLTest.java,LumberjackComponentGlobalSSLTest.java,L47 - L47,git diff ef916c2 8471034 components/camel-lumberjack/src/test/java/org/apache/camel/component/lumberjack/LumberjackComponentGlobalSSLTest.java,https://github.com/apache/camel/commit/8471034ce6d027b1614ca8e98633321b5e26410f,,,,,,,,,
185,apache/camel,components/camel-mina2/src/test/java/org/apache/camel/component/mina2/Mina2SslGlobalContextParametersTcpTest.java,Mina2SslGlobalContextParametersTcpTest.java,L37 - L37,git diff ef916c2 8471034 components/camel-mina2/src/test/java/org/apache/camel/component/mina2/Mina2SslGlobalContextParametersTcpTest.java,https://github.com/apache/camel/commit/8471034ce6d027b1614ca8e98633321b5e26410f,,,,,,,,,
186,apache/camel,components/camel-netty/src/test/java/org/apache/camel/component/netty/NettyGlobalSSLContextParametersTest.java,NettyGlobalSSLContextParametersTest.java,L59 - L59,git diff ef916c2 8471034 components/camel-netty/src/test/java/org/apache/camel/component/netty/NettyGlobalSSLContextParametersTest.java,https://github.com/apache/camel/commit/8471034ce6d027b1614ca8e98633321b5e26410f,,,,,,,,,
187,apache/camel,components/camel-netty4/src/test/java/org/apache/camel/component/netty4/NettyGlobalSSLContextParametersTest.java,NettyGlobalSSLContextParametersTest.java,L59 - L59,git diff ef916c2 8471034 components/camel-netty4/src/test/java/org/apache/camel/component/netty4/NettyGlobalSSLContextParametersTest.java,https://github.com/apache/camel/commit/8471034ce6d027b1614ca8e98633321b5e26410f,,,,,,,,,
188,apache/camel,components/camel-restlet/src/test/java/org/apache/camel/component/restlet/RestletHttpsWithGlobalSSLContextParametersTest.java,RestletHttpsWithGlobalSSLContextParametersTest.java,L56 - L56,git diff ef916c2 8471034 components/camel-restlet/src/test/java/org/apache/camel/component/restlet/RestletHttpsWithGlobalSSLContextParametersTest.java,https://github.com/apache/camel/commit/8471034ce6d027b1614ca8e98633321b5e26410f,,,,,,,,,
189,apache/camel,components/camel-websocket/src/test/java/org/apache/camel/component/websocket/WebsocketSSLContextGlobalRouteExampleTest.java,WebsocketSSLContextGlobalRouteExampleTest.java,L98 - L98,git diff ef916c2 8471034 components/camel-websocket/src/test/java/org/apache/camel/component/websocket/WebsocketSSLContextGlobalRouteExampleTest.java,https://github.com/apache/camel/commit/8471034ce6d027b1614ca8e98633321b5e26410f,,,,,,,,,
190,apache/camel,components/camel-undertow/src/main/java/org/apache/camel/component/undertow/UndertowClientCallback.java,UndertowClientCallback.java,L201 - L215,git diff 693aa8a d490978 components/camel-undertow/src/main/java/org/apache/camel/component/undertow/UndertowClientCallback.java,https://github.com/apache/camel/commit/d490978eba141213c5b43cbbef13406c917132cc,,,,,,,,,
191,apache/camel,components/camel-consul/src/main/java/org/apache/camel/component/consul/cloud/ConsulServiceDiscovery.java,ConsulServiceDiscovery.java,L48 - L48,git diff a8a6b74 e706379 components/camel-consul/src/main/java/org/apache/camel/component/consul/cloud/ConsulServiceDiscovery.java,https://github.com/apache/camel/commit/e706379876127c23f22e56d2ea0740a4b13bb5e1,,,,,,,,,
192,apache/camel,components/camel-consul/src/main/java/org/apache/camel/component/consul/enpoint/ConsulAgentProducer.java,ConsulAgentProducer.java,L27 - L27,git diff a8a6b74 e706379 components/camel-consul/src/main/java/org/apache/camel/component/consul/enpoint/ConsulAgentProducer.java,https://github.com/apache/camel/commit/e706379876127c23f22e56d2ea0740a4b13bb5e1,,,,,,,,,
193,apache/camel,components/camel-consul/src/main/java/org/apache/camel/component/consul/enpoint/ConsulEventConsumer.java,ConsulEventConsumer.java,L38 - L38,git diff a8a6b74 e706379 components/camel-consul/src/main/java/org/apache/camel/component/consul/enpoint/ConsulEventConsumer.java,https://github.com/apache/camel/commit/e706379876127c23f22e56d2ea0740a4b13bb5e1,,,,,,,,,
194,apache/camel,components/camel-consul/src/main/java/org/apache/camel/component/consul/enpoint/ConsulEventProducer.java,ConsulEventProducer.java,L31 - L31,git diff a8a6b74 e706379 components/camel-consul/src/main/java/org/apache/camel/component/consul/enpoint/ConsulEventProducer.java,https://github.com/apache/camel/commit/e706379876127c23f22e56d2ea0740a4b13bb5e1,,,,,,,,,
195,apache/camel,components/camel-consul/src/main/java/org/apache/camel/component/consul/enpoint/ConsulKeyValueConsumer.java,ConsulKeyValueConsumer.java,L38 - L38,git diff a8a6b74 e706379 components/camel-consul/src/main/java/org/apache/camel/component/consul/enpoint/ConsulKeyValueConsumer.java,https://github.com/apache/camel/commit/e706379876127c23f22e56d2ea0740a4b13bb5e1,,,,,,,,,
196,apache/camel,components/camel-consul/src/main/java/org/apache/camel/component/consul/enpoint/ConsulKeyValueProducer.java,ConsulKeyValueProducer.java,L32 - L32,git diff a8a6b74 e706379 components/camel-consul/src/main/java/org/apache/camel/component/consul/enpoint/ConsulKeyValueProducer.java,https://github.com/apache/camel/commit/e706379876127c23f22e56d2ea0740a4b13bb5e1,,,,,,,,,
197,apache/camel,components/camel-consul/src/main/java/org/apache/camel/component/consul/cloud/ConsulServiceDiscovery.java,ConsulServiceDiscovery.java,L46 - L46,git diff ea3a02e 6f4fdf9 components/camel-consul/src/main/java/org/apache/camel/component/consul/cloud/ConsulServiceDiscovery.java,https://github.com/apache/camel/commit/6f4fdf9e05f437a1f2d7a608131ceda55f28deb9,,,,,,,,,
198,apache/camel,camel-core/src/main/java/org/apache/camel/builder/DefaultFluentProducerTemplate.java,DefaultFluentProducerTemplate.java,L61 - L61,git diff 4c8eab4 05cbb33 camel-core/src/main/java/org/apache/camel/builder/DefaultFluentProducerTemplate.java,https://github.com/apache/camel/commit/05cbb33c0da05aeb4c8c70137a41d53a58c38388,,,,,,,,,
199,apache/camel,components/camel-spring-cloud/src/main/java/org/apache/camel/spring/cloud/CamelCloudServiceDiscovery.java,CamelCloudServiceDiscovery.java,L48 - L48,git diff 2c3fa6c 6153145 components/camel-spring-cloud/src/main/java/org/apache/camel/spring/cloud/CamelCloudServiceDiscovery.java,https://github.com/apache/camel/commit/615314557f2a9db97266a23e6cec8d3ed5039d79,,,,,,,,,
200,apache/camel,components/camel-spring-cloud/src/main/java/org/apache/camel/spring/cloud/CamelCloudServiceDiscovery.java,CamelCloudServiceDiscovery.java,L49 - L49,git diff 2c3fa6c 6153145 components/camel-spring-cloud/src/main/java/org/apache/camel/spring/cloud/CamelCloudServiceDiscovery.java,https://github.com/apache/camel/commit/615314557f2a9db97266a23e6cec8d3ed5039d79,,,,,,,,,
201,apache/camel,components/camel-hazelcast/src/main/java/org/apache/camel/component/hazelcast/policy/HazelcastRoutePolicy.java,HazelcastRoutePolicy.java,L78 - L82,git diff 34e2c13 1494988 components/camel-hazelcast/src/main/java/org/apache/camel/component/hazelcast/policy/HazelcastRoutePolicy.java,https://github.com/apache/camel/commit/1494988ef3f66f1bc7b459266e384b44066de61e,,,,,,,,,
202,apache/camel,components/camel-mina2/src/test/java/org/apache/camel/component/mina2/Mina2CustomCodecTest.java,Mina2CustomCodecTest.java,L65 - L65,git diff 06b69e5 862727b components/camel-mina2/src/test/java/org/apache/camel/component/mina2/Mina2CustomCodecTest.java,https://github.com/apache/camel/commit/862727bfaee2d18e14035780405ce9972a30a16a,,,,,,,,,
203,apache/camel,components/camel-reactive-streams/src/main/java/org/apache/camel/component/reactive/streams/api/CamelReactiveStreams.java,CamelReactiveStreams.java,L53 - L61,git diff 40b42e6 9cbda1a components/camel-reactive-streams/src/main/java/org/apache/camel/component/reactive/streams/api/CamelReactiveStreams.java,https://github.com/apache/camel/commit/9cbda1a1042e0ce463fa4a2b57ca56369137b934,,,,,,,,,
204,apache/camel,components/camel-jpa/src/test/java/org/apache/camel/processor/jpa/JpaPollingConsumerLockEntityTest.java,JpaPollingConsumerLockEntityTest.java,L84 - L89,git diff 9a5f83f 6795c11 components/camel-jpa/src/test/java/org/apache/camel/processor/jpa/JpaPollingConsumerLockEntityTest.java,https://github.com/apache/camel/commit/6795c114ac825f020b85d2a6929ddf5f200c78d5,,,,,,,,,
205,apache/camel,components/camel-firebase/src/test/java/org/apache/camel/component/firebase/FirebaseConsumerDeleteTest.java,FirebaseConsumerDeleteTest.java,L37 - L40,git diff 8a4a3cd cec7b30 components/camel-firebase/src/test/java/org/apache/camel/component/firebase/FirebaseConsumerDeleteTest.java,https://github.com/apache/camel/commit/cec7b30f3395529dae6dc5b5d46ff0e64cb1d209,,,,,,,,,
206,apache/camel,tests/camel-itest-spring-boot/src/test/java/org/apache/camel/itest/springboot/util/ArquillianPackager.java,ArquillianPackager.java,L94 - L94,git diff d30d784 a441b89 tests/camel-itest-spring-boot/src/test/java/org/apache/camel/itest/springboot/util/ArquillianPackager.java,https://github.com/apache/camel/commit/a441b8938d036df618990e719d2f4a140840442d,,,,,,,,,
207,apache/camel,tests/camel-itest-spring-boot/src/test/java/org/apache/camel/itest/springboot/util/ArquillianPackager.java,ArquillianPackager.java,L95 - L95,git diff d30d784 a441b89 tests/camel-itest-spring-boot/src/test/java/org/apache/camel/itest/springboot/util/ArquillianPackager.java,https://github.com/apache/camel/commit/a441b8938d036df618990e719d2f4a140840442d,,,,,,,,,
208,apache/camel,tests/camel-itest-spring-boot/src/test/java/org/apache/camel/itest/springboot/util/ArquillianPackager.java,ArquillianPackager.java,L116 - L116,git diff d30d784 a441b89 tests/camel-itest-spring-boot/src/test/java/org/apache/camel/itest/springboot/util/ArquillianPackager.java,https://github.com/apache/camel/commit/a441b8938d036df618990e719d2f4a140840442d,,,,,,,,,
209,apache/camel,tests/camel-itest-spring-boot/src/test/java/org/apache/camel/itest/springboot/util/ArquillianPackager.java,ArquillianPackager.java,L169 - L169,git diff d30d784 a441b89 tests/camel-itest-spring-boot/src/test/java/org/apache/camel/itest/springboot/util/ArquillianPackager.java,https://github.com/apache/camel/commit/a441b8938d036df618990e719d2f4a140840442d,,,,,,,,,
210,apache/camel,components/camel-cdi/src/main/java/org/apache/camel/cdi/CdiCamelExtension.java,CdiCamelExtension.java,L305 - L305,git diff afc9d55 12530e8 components/camel-cdi/src/main/java/org/apache/camel/cdi/CdiCamelExtension.java,https://github.com/apache/camel/commit/12530e8e68ed010049b1534cbcfbad1a6659cac9,,,,,,,,,
