seq,project,file path,file name,line number,modified java files,git command, commit link,,,,,,,,,
1,apache/geode,geode-redis/src/distributedTest/java/org/apache/geode/redis/executors/string/StringsDUnitTest.java,StringsDUnitTest.java,L184-L184,45,git diff 0fd56e418752c14ed8ebebe5a370164034aafc39 2d85af4807dc00319b23805705736a444eb4bc20 geode-redis/src/distributedTest/java/org/apache/geode/redis/executors/string/StringsDUnitTest.java,https://github.com/apache/geode/commit/2d85af4807dc00319b23805705736a444eb4bc20,,,,,,,,,
2,apache/geode,geode-core/src/main/java/org/apache/geode/distributed/internal/membership/adapter/GMSMessageAdapter.java,GMSMessageAdapter.java,L75-L75,91,git diff 214b8d828c87f94de3f146cf73c8308b65e2c96b 77103d0db68c9dd5087b98d47697dd05f2dc90f5 geode-core/src/main/java/org/apache/geode/distributed/internal/membership/adapter/GMSMessageAdapter.java,https://github.com/apache/geode/commit/77103d0db68c9dd5087b98d47697dd05f2dc90f5,,,,,,,,,
3,apache/geode,geode-core/src/integrationTest/java/org/apache/geode/distributed/internal/membership/gms/locator/GMSLocatorRecoveryIntegrationTest.java,GMSLocatorRecoveryIntegrationTest.java,L122-L122,83,git diff 861812093f088c27f264d6be7ecc9c4837d2e9e4 159dd7b694a5c3cde160dd4d5b14fe3b77aa7fb4 geode-core/src/integrationTest/java/org/apache/geode/distributed/internal/membership/gms/locator/GMSLocatorRecoveryIntegrationTest.java,https://github.com/apache/geode/commit/159dd7b694a5c3cde160dd4d5b14fe3b77aa7fb4,,,,,,,,,
4,apache/geode,geode-core/src/integrationTest/java/org/apache/geode/distributed/internal/membership/gms/messenger/JGroupsMessengerJUnitTest.java,JGroupsMessengerJUnitTest.java,L173-L173,83,git diff 861812093f088c27f264d6be7ecc9c4837d2e9e4 159dd7b694a5c3cde160dd4d5b14fe3b77aa7fb4 geode-core/src/integrationTest/java/org/apache/geode/distributed/internal/membership/gms/messenger/JGroupsMessengerJUnitTest.java,https://github.com/apache/geode/commit/159dd7b694a5c3cde160dd4d5b14fe3b77aa7fb4,,,,,,,,,
5,apache/geode,geode-core/src/integrationTest/java/org/apache/geode/distributed/internal/membership/gms/messenger/JGroupsMessengerJUnitTest.java,JGroupsMessengerJUnitTest.java,L251-L255,83,git diff 861812093f088c27f264d6be7ecc9c4837d2e9e4 159dd7b694a5c3cde160dd4d5b14fe3b77aa7fb4 geode-core/src/integrationTest/java/org/apache/geode/distributed/internal/membership/gms/messenger/JGroupsMessengerJUnitTest.java,https://github.com/apache/geode/commit/159dd7b694a5c3cde160dd4d5b14fe3b77aa7fb4,,,,,,,,,
6,apache/geode,geode-core/src/main/java/org/apache/geode/internal/tcp/Connection.java,Connection.java,L797-L797,50,git diff 7f2950c2098437902c86b3b5309d8de0c831aa6c ea46d007bd2259edbc674d9a2636dedab10e2842 geode-core/src/main/java/org/apache/geode/internal/tcp/Connection.java,https://github.com/apache/geode/commit/ea46d007bd2259edbc674d9a2636dedab10e2842,,,,,,,,,
7,apache/geode,geode-core/src/main/java/org/apache/geode/management/internal/cli/commands/AlterRegionCommand.java,AlterRegionCommand.java,L142-L143,50,git diff 7f2950c2098437902c86b3b5309d8de0c831aa6c ea46d007bd2259edbc674d9a2636dedab10e2842 geode-core/src/main/java/org/apache/geode/management/internal/cli/commands/AlterRegionCommand.java,https://github.com/apache/geode/commit/ea46d007bd2259edbc674d9a2636dedab10e2842,,,,,,,,,
8,apache/geode,geode-connectors/src/acceptanceTest/java/org/apache/geode/connectors/jdbc/JdbcDistributedTest.java,JdbcDistributedTest.java,L225-L233,5,git diff 09dd194f5a423ea591c0f47d3114df46d23435e8 0dc46eab3a95195ea45e2215047a5a79a0bde2e8 geode-connectors/src/acceptanceTest/java/org/apache/geode/connectors/jdbc/JdbcDistributedTest.java,https://github.com/apache/geode/commit/0dc46eab3a95195ea45e2215047a5a79a0bde2e8,,,,,,,,,无关
9,apache/geode,geode-core/src/test/java/org/apache/geode/management/internal/cli/commands/CreateAsyncEventQueueCommandDUnitTest.java,CreateAsyncEventQueueCommandDUnitTest.java,L53-L53,11,git diff 88958648aa4f5580ef09096e76822abb06f71a06 ec7a162b09faa87ac7d7f119fbf46827602e166c geode-core/src/test/java/org/apache/geode/management/internal/cli/commands/CreateAsyncEventQueueCommandDUnitTest.java,https://github.com/apache/geode/commit/ec7a162b09faa87ac7d7f119fbf46827602e166c,,,,,,,,,
10,apache/geode,geode-core/src/test/java/org/apache/geode/management/internal/cli/commands/CreateAsyncEventQueueCommandDUnitTest.java,CreateAsyncEventQueueCommandDUnitTest.java,L63-L63,11,git diff 88958648aa4f5580ef09096e76822abb06f71a06 ec7a162b09faa87ac7d7f119fbf46827602e166c geode-core/src/test/java/org/apache/geode/management/internal/cli/commands/CreateAsyncEventQueueCommandDUnitTest.java,https://github.com/apache/geode/commit/ec7a162b09faa87ac7d7f119fbf46827602e166c,,,,,,,,,
11,apache/geode,geode-core/src/test/java/org/apache/geode/internal/cache/tier/sockets/DataSerializerPropagationDUnitTest.java,DataSerializerPropagationDUnitTest.java,L632-L632,2,git diff 3a9d9f341614b9020ae963766eafca7b8b956045 4b9dc96fe4771e31efd09398965f7eb496faeae5 geode-core/src/test/java/org/apache/geode/internal/cache/tier/sockets/DataSerializerPropagationDUnitTest.java,https://github.com/apache/geode/commit/4b9dc96fe4771e31efd09398965f7eb496faeae5,,,,,,,,,refactor
12,apache/geode,geode-core/src/test/java/org/apache/geode/internal/cache/tier/sockets/DataSerializerPropagationDUnitTest.java,DataSerializerPropagationDUnitTest.java,L637-L637,2,git diff 3a9d9f341614b9020ae963766eafca7b8b956045 4b9dc96fe4771e31efd09398965f7eb496faeae5 geode-core/src/test/java/org/apache/geode/internal/cache/tier/sockets/DataSerializerPropagationDUnitTest.java,https://github.com/apache/geode/commit/4b9dc96fe4771e31efd09398965f7eb496faeae5,,,,,,,,,refactor
13,eclipse-vertx/vert.x,src/main/java/io/vertx/core/eventbus/impl/clustered/Serializer.java,Serializer.java,L47-L49,2,git diff ba961255bf134eca2fb94db0272fd584626991d5 792d65216e780d829095f87fad9dc9ce9123675c src/main/java/io/vertx/core/eventbus/impl/clustered/Serializer.java,https://github.com/eclipse-vertx/vert.x/commit/792d65216e780d829095f87fad9dc9ce9123675c,,,,,,,,,这个不确定
14,eclipse-vertx/vert.x,src/main/java/io/vertx/core/eventbus/impl/clustered/Serializer.java,Serializer.java,L151-L158,2,git diff ba961255bf134eca2fb94db0272fd584626991d5 792d65216e780d829095f87fad9dc9ce9123675c src/main/java/io/vertx/core/eventbus/impl/clustered/Serializer.java,https://github.com/eclipse-vertx/vert.x/commit/792d65216e780d829095f87fad9dc9ce9123675c,,,,,,,,,这个不确定
15,eclipse-vertx/vert.x,src/test/java/io/vertx/test/fakecluster/FakeClusterManager.java,FakeClusterManager.java,L182-L186,7,git diff 5476acddaae371c48e5fdc6a9f78bcef55b9f783 1260b1a483280fb6f088f343645eb37b64155b41 src/test/java/io/vertx/test/fakecluster/FakeClusterManager.java,https://github.com/eclipse-vertx/vert.x/commit/1260b1a483280fb6f088f343645eb37b64155b41,,,,,,,,,无关
16,elastic/elasticsearch,server/src/main/java/org/elasticsearch/index/mapper/BinaryFieldMapper.java,BinaryFieldMapper.java,L62-L62,8,git diff a28ce1e21c5e23e0efa43ed115be37daa3a94252 24786ac71b86583051e265567743afdabaa86275 server/src/main/java/org/elasticsearch/index/mapper/BinaryFieldMapper.java,https://github.com/elastic/elasticsearch/commit/24786ac71b86583051e265567743afdabaa86275,,,,,,,,,无关
17,elastic/elasticsearch,server/src/main/java/org/elasticsearch/index/mapper/BooleanFieldMapper.java,BooleanFieldMapper.java,L86-L86,8,git diff a28ce1e21c5e23e0efa43ed115be37daa3a94252 24786ac71b86583051e265567743afdabaa86275 server/src/main/java/org/elasticsearch/index/mapper/BooleanFieldMapper.java,https://github.com/elastic/elasticsearch/commit/24786ac71b86583051e265567743afdabaa86275,,,,,,,,,无关
18,elastic/elasticsearch,x-pack/plugin/core/src/main/java/org/elasticsearch/xpack/core/ml/job/process/autodetect/output/FlushAcknowledgement.java,FlushAcknowledgement.java,L39-L39,14,git diff 2f3ea22c6984c802bec9f45c1c805818bfd39f98 2a454be6ed3e3a98d8ee692f803cd241e54eca58 x-pack/plugin/core/src/main/java/org/elasticsearch/xpack/core/ml/job/process/autodetect/output/FlushAcknowledgement.java,https://github.com/elastic/elasticsearch/commit/2a454be6ed3e3a98d8ee692f803cd241e54eca58,,,,,,,,,
19,elastic/elasticsearch,x-pack/plugin/ml/src/main/java/org/elasticsearch/xpack/ml/inference/loadingservice/LocalModel.java,LocalModel.java,L117-L117,31,git diff 1f28bd07a34664804ee85c2c4a18aa766c589d45 78fcd0581d2981b48dfac5c63047e7fd14a248e8 x-pack/plugin/ml/src/main/java/org/elasticsearch/xpack/ml/inference/loadingservice/LocalModel.java,https://github.com/elastic/elasticsearch/commit/78fcd0581d2981b48dfac5c63047e7fd14a248e8,,,,,,,,,
20,elastic/elasticsearch,x-pack/plugin/ml/src/test/java/org/elasticsearch/xpack/ml/inference/loadingservice/ModelLoadingServiceTests.java,ModelLoadingServiceTests.java,L387-L387,31,git diff 1f28bd07a34664804ee85c2c4a18aa766c589d45 78fcd0581d2981b48dfac5c63047e7fd14a248e8 x-pack/plugin/ml/src/test/java/org/elasticsearch/xpack/ml/inference/loadingservice/ModelLoadingServiceTests.java,https://github.com/elastic/elasticsearch/commit/78fcd0581d2981b48dfac5c63047e7fd14a248e8,,,,,,,,,
21,elastic/elasticsearch,x-pack/plugin/async-search/src/test/java/org/elasticsearch/xpack/search/AsyncSearchTaskTests.java,AsyncSearchTaskTests.java,L137-L137,8,git diff efe33f06585e5010655a7735900ecb4f24308efa f07059059d8d920216f2b57be79183c423ba0309 x-pack/plugin/async-search/src/test/java/org/elasticsearch/xpack/search/AsyncSearchTaskTests.java,https://github.com/elastic/elasticsearch/commit/f07059059d8d920216f2b57be79183c423ba0309,,,,,,,,,refactor
22,elastic/elasticsearch,server/src/main/java/org/elasticsearch/search/aggregations/InternalAggregations.java,InternalAggregations.java,L190-L190,30,git diff 0e55fdeae97e1e2575b4d1c27574aac82ae4423f af11ec59e019816819bde53ebb244a15e09a28ca server/src/main/java/org/elasticsearch/search/aggregations/InternalAggregations.java,https://github.com/elastic/elasticsearch/commit/af11ec59e019816819bde53ebb244a15e09a28ca,,,,,,,,,
23,elastic/elasticsearch,server/src/test/java/org/elasticsearch/search/aggregations/InternalAggregationsTests.java,InternalAggregationsTests.java,L134-L134,7,git diff 354f131449228ba4cfa9a9d31830b08ac20f7ffb 13bdbcacf1fdcd19c7cffe890f8369e58e544a9f server/src/test/java/org/elasticsearch/search/aggregations/InternalAggregationsTests.java,https://github.com/elastic/elasticsearch/commit/13bdbcacf1fdcd19c7cffe890f8369e58e544a9f,,,,,,,,,无关
24,elastic/elasticsearch,server/src/main/java/org/elasticsearch/search/aggregations/InternalAggregations.java,InternalAggregations.java,L78-L78,13,git diff 16d10aae71d15d951788d5c2b69592088450d226 e8c54c73dbee2877637c8dd076d82fb5a94e1b47 server/src/main/java/org/elasticsearch/search/aggregations/InternalAggregations.java,https://github.com/elastic/elasticsearch/commit/e8c54c73dbee2877637c8dd076d82fb5a94e1b47,,,,,,,,,
25,elastic/elasticsearch,server/src/test/java/org/elasticsearch/search/aggregations/InternalAggregationsTests.java,InternalAggregationsTests.java,L85-L85,13,git diff 16d10aae71d15d951788d5c2b69592088450d226 e8c54c73dbee2877637c8dd076d82fb5a94e1b47 server/src/test/java/org/elasticsearch/search/aggregations/InternalAggregationsTests.java,https://github.com/elastic/elasticsearch/commit/e8c54c73dbee2877637c8dd076d82fb5a94e1b47,,,,,,,,,
26,elastic/elasticsearch,server/src/main/java/org/elasticsearch/cluster/metadata/TemplateUpgradeService.java,TemplateUpgradeService.java,L255-L258,9,git diff 36377d75876823d93b2cf589872bfb9ea4feb326 04c21affcf6b2215f22a690223ba1e520d3c6f9b server/src/main/java/org/elasticsearch/cluster/metadata/TemplateUpgradeService.java,https://github.com/elastic/elasticsearch/commit/04c21affcf6b2215f22a690223ba1e520d3c6f9b,,,,,,,,,无关
27,elastic/elasticsearch,server/src/main/java/org/elasticsearch/search/SearchService.java,SearchService.java,L1205-L1205,35,git diff 3b7843d77400911910bd18ecb93eb81aee5e5cab 4d81edb6257732a73adc3e5bc5157ad01d1a42c4 server/src/main/java/org/elasticsearch/search/SearchService.java,https://github.com/elastic/elasticsearch/commit/4d81edb6257732a73adc3e5bc5157ad01d1a42c4,,,,,,,,,
28,elastic/elasticsearch,server/src/test/java/org/elasticsearch/action/search/SearchResponseMergerTests.java,SearchResponseMergerTests.java,L100-L100,35,git diff 3b7843d77400911910bd18ecb93eb81aee5e5cab 4d81edb6257732a73adc3e5bc5157ad01d1a42c4 server/src/test/java/org/elasticsearch/action/search/SearchResponseMergerTests.java,https://github.com/elastic/elasticsearch/commit/4d81edb6257732a73adc3e5bc5157ad01d1a42c4,,,,,,,,,
29,elastic/elasticsearch,server/src/test/java/org/elasticsearch/action/search/SearchResponseMergerTests.java,SearchResponseMergerTests.java,L114-L114,35,git diff 3b7843d77400911910bd18ecb93eb81aee5e5cab 4d81edb6257732a73adc3e5bc5157ad01d1a42c4 server/src/test/java/org/elasticsearch/action/search/SearchResponseMergerTests.java,https://github.com/elastic/elasticsearch/commit/4d81edb6257732a73adc3e5bc5157ad01d1a42c4,,,,,,,,,
30,elastic/elasticsearch,server/src/test/java/org/elasticsearch/action/search/SearchResponseMergerTests.java,SearchResponseMergerTests.java,L162-L162,35,git diff 3b7843d77400911910bd18ecb93eb81aee5e5cab 4d81edb6257732a73adc3e5bc5157ad01d1a42c4 server/src/test/java/org/elasticsearch/action/search/SearchResponseMergerTests.java,https://github.com/elastic/elasticsearch/commit/4d81edb6257732a73adc3e5bc5157ad01d1a42c4,,,,,,,,,
31,elastic/elasticsearch,server/src/test/java/org/elasticsearch/action/search/SearchResponseMergerTests.java,SearchResponseMergerTests.java,L200-L200,35,git diff 3b7843d77400911910bd18ecb93eb81aee5e5cab 4d81edb6257732a73adc3e5bc5157ad01d1a42c4 server/src/test/java/org/elasticsearch/action/search/SearchResponseMergerTests.java,https://github.com/elastic/elasticsearch/commit/4d81edb6257732a73adc3e5bc5157ad01d1a42c4,,,,,,,,,
32,elastic/elasticsearch,server/src/test/java/org/elasticsearch/action/search/SearchResponseMergerTests.java,SearchResponseMergerTests.java,L223-L223,35,git diff 3b7843d77400911910bd18ecb93eb81aee5e5cab 4d81edb6257732a73adc3e5bc5157ad01d1a42c4 server/src/test/java/org/elasticsearch/action/search/SearchResponseMergerTests.java,https://github.com/elastic/elasticsearch/commit/4d81edb6257732a73adc3e5bc5157ad01d1a42c4,,,,,,,,,
33,elastic/elasticsearch,server/src/test/java/org/elasticsearch/action/search/SearchResponseMergerTests.java,SearchResponseMergerTests.java,L354-L354,35,git diff 3b7843d77400911910bd18ecb93eb81aee5e5cab 4d81edb6257732a73adc3e5bc5157ad01d1a42c4 server/src/test/java/org/elasticsearch/action/search/SearchResponseMergerTests.java,https://github.com/elastic/elasticsearch/commit/4d81edb6257732a73adc3e5bc5157ad01d1a42c4,,,,,,,,,
34,elastic/elasticsearch,server/src/test/java/org/elasticsearch/action/search/SearchResponseMergerTests.java,SearchResponseMergerTests.java,L432-L432,35,git diff 3b7843d77400911910bd18ecb93eb81aee5e5cab 4d81edb6257732a73adc3e5bc5157ad01d1a42c4 server/src/test/java/org/elasticsearch/action/search/SearchResponseMergerTests.java,https://github.com/elastic/elasticsearch/commit/4d81edb6257732a73adc3e5bc5157ad01d1a42c4,,,,,,,,,
35,elastic/elasticsearch,server/src/test/java/org/elasticsearch/action/search/SearchResponseMergerTests.java,SearchResponseMergerTests.java,L559-L559,35,git diff 3b7843d77400911910bd18ecb93eb81aee5e5cab 4d81edb6257732a73adc3e5bc5157ad01d1a42c4 server/src/test/java/org/elasticsearch/action/search/SearchResponseMergerTests.java,https://github.com/elastic/elasticsearch/commit/4d81edb6257732a73adc3e5bc5157ad01d1a42c4,,,,,,,,,
36,elastic/elasticsearch,server/src/test/java/org/elasticsearch/action/search/SearchResponseMergerTests.java,SearchResponseMergerTests.java,L586-L586,35,git diff 3b7843d77400911910bd18ecb93eb81aee5e5cab 4d81edb6257732a73adc3e5bc5157ad01d1a42c4 server/src/test/java/org/elasticsearch/action/search/SearchResponseMergerTests.java,https://github.com/elastic/elasticsearch/commit/4d81edb6257732a73adc3e5bc5157ad01d1a42c4,,,,,,,,,
37,elastic/elasticsearch,server/src/test/java/org/elasticsearch/action/search/SearchResponseMergerTests.java,SearchResponseMergerTests.java,L629-L629,35,git diff 3b7843d77400911910bd18ecb93eb81aee5e5cab 4d81edb6257732a73adc3e5bc5157ad01d1a42c4 server/src/test/java/org/elasticsearch/action/search/SearchResponseMergerTests.java,https://github.com/elastic/elasticsearch/commit/4d81edb6257732a73adc3e5bc5157ad01d1a42c4,,,,,,,,,
38,elastic/elasticsearch,server/src/test/java/org/elasticsearch/action/admin/indices/rollover/RolloverResponseTests.java,RolloverResponseTests.java,L75-L75,7,git diff 1593da0c4c33d514f864dd9d531d4049ba7e5efa 17e9cd50e43ab08193c30a6f1e20c855c2ec37ee server/src/test/java/org/elasticsearch/action/admin/indices/rollover/RolloverResponseTests.java,https://github.com/elastic/elasticsearch/commit/17e9cd50e43ab08193c30a6f1e20c855c2ec37ee,,,,,,,,,无关
39,elastic/elasticsearch,server/src/test/java/org/elasticsearch/action/ingest/SimulateExecutionServiceTests.java,SimulateExecutionServiceTests.java,L105-L105,17,git diff 8b764a52096332884b3f572db92c8923a166b717 08e3cebc00ec08c3e2fc9e4a4d2253b8ed16417a server/src/test/java/org/elasticsearch/action/ingest/SimulateExecutionServiceTests.java,https://github.com/elastic/elasticsearch/commit/08e3cebc00ec08c3e2fc9e4a4d2253b8ed16417a,,,,,,,,,
40,elastic/elasticsearch,server/src/test/java/org/elasticsearch/action/ingest/SimulateExecutionServiceTests.java,SimulateExecutionServiceTests.java,L130-L130,17,git diff 8b764a52096332884b3f572db92c8923a166b717 08e3cebc00ec08c3e2fc9e4a4d2253b8ed16417a server/src/test/java/org/elasticsearch/action/ingest/SimulateExecutionServiceTests.java,https://github.com/elastic/elasticsearch/commit/08e3cebc00ec08c3e2fc9e4a4d2253b8ed16417a,,,,,,,,,
41,elastic/elasticsearch,server/src/test/java/org/elasticsearch/action/ingest/SimulateExecutionServiceTests.java,SimulateExecutionServiceTests.java,L168-L168,17,git diff 8b764a52096332884b3f572db92c8923a166b717 08e3cebc00ec08c3e2fc9e4a4d2253b8ed16417a server/src/test/java/org/elasticsearch/action/ingest/SimulateExecutionServiceTests.java,https://github.com/elastic/elasticsearch/commit/08e3cebc00ec08c3e2fc9e4a4d2253b8ed16417a,,,,,,,,,
42,elastic/elasticsearch,server/src/test/java/org/elasticsearch/ingest/CompoundProcessorTests.java,CompoundProcessorTests.java,L77-L77,17,git diff 8b764a52096332884b3f572db92c8923a166b717 08e3cebc00ec08c3e2fc9e4a4d2253b8ed16417a server/src/test/java/org/elasticsearch/ingest/CompoundProcessorTests.java,https://github.com/elastic/elasticsearch/commit/08e3cebc00ec08c3e2fc9e4a4d2253b8ed16417a,,,,,,,,,
43,elastic/elasticsearch,server/src/test/java/org/elasticsearch/ingest/CompoundProcessorTests.java,CompoundProcessorTests.java,L96-L96,17,git diff 8b764a52096332884b3f572db92c8923a166b717 08e3cebc00ec08c3e2fc9e4a4d2253b8ed16417a server/src/test/java/org/elasticsearch/ingest/CompoundProcessorTests.java,https://github.com/elastic/elasticsearch/commit/08e3cebc00ec08c3e2fc9e4a4d2253b8ed16417a,,,,,,,,,
44,elastic/elasticsearch,server/src/test/java/org/elasticsearch/ingest/CompoundProcessorTests.java,CompoundProcessorTests.java,L111-L111,17,git diff 8b764a52096332884b3f572db92c8923a166b717 08e3cebc00ec08c3e2fc9e4a4d2253b8ed16417a server/src/test/java/org/elasticsearch/ingest/CompoundProcessorTests.java,https://github.com/elastic/elasticsearch/commit/08e3cebc00ec08c3e2fc9e4a4d2253b8ed16417a,,,,,,,,,
45,elastic/elasticsearch,server/src/test/java/org/elasticsearch/ingest/CompoundProcessorTests.java,CompoundProcessorTests.java,L133-L133,17,git diff 8b764a52096332884b3f572db92c8923a166b717 08e3cebc00ec08c3e2fc9e4a4d2253b8ed16417a server/src/test/java/org/elasticsearch/ingest/CompoundProcessorTests.java,https://github.com/elastic/elasticsearch/commit/08e3cebc00ec08c3e2fc9e4a4d2253b8ed16417a,,,,,,,,,
46,elastic/elasticsearch,server/src/test/java/org/elasticsearch/ingest/CompoundProcessorTests.java,CompoundProcessorTests.java,L192-L192,17,git diff 8b764a52096332884b3f572db92c8923a166b717 08e3cebc00ec08c3e2fc9e4a4d2253b8ed16417a server/src/test/java/org/elasticsearch/ingest/CompoundProcessorTests.java,https://github.com/elastic/elasticsearch/commit/08e3cebc00ec08c3e2fc9e4a4d2253b8ed16417a,,,,,,,,,
47,elastic/elasticsearch,server/src/test/java/org/elasticsearch/ingest/CompoundProcessorTests.java,CompoundProcessorTests.java,L215-L215,17,git diff 8b764a52096332884b3f572db92c8923a166b717 08e3cebc00ec08c3e2fc9e4a4d2253b8ed16417a server/src/test/java/org/elasticsearch/ingest/CompoundProcessorTests.java,https://github.com/elastic/elasticsearch/commit/08e3cebc00ec08c3e2fc9e4a4d2253b8ed16417a,,,,,,,,,
48,elastic/elasticsearch,server/src/test/java/org/elasticsearch/ingest/CompoundProcessorTests.java,CompoundProcessorTests.java,L217-L217,17,git diff 8b764a52096332884b3f572db92c8923a166b717 08e3cebc00ec08c3e2fc9e4a4d2253b8ed16417a server/src/test/java/org/elasticsearch/ingest/CompoundProcessorTests.java,https://github.com/elastic/elasticsearch/commit/08e3cebc00ec08c3e2fc9e4a4d2253b8ed16417a,,,,,,,,,
49,elastic/elasticsearch,server/src/test/java/org/elasticsearch/ingest/CompoundProcessorTests.java,CompoundProcessorTests.java,L241-L241,17,git diff 8b764a52096332884b3f572db92c8923a166b717 08e3cebc00ec08c3e2fc9e4a4d2253b8ed16417a server/src/test/java/org/elasticsearch/ingest/CompoundProcessorTests.java,https://github.com/elastic/elasticsearch/commit/08e3cebc00ec08c3e2fc9e4a4d2253b8ed16417a,,,,,,,,,
50,elastic/elasticsearch,server/src/test/java/org/elasticsearch/ingest/CompoundProcessorTests.java,CompoundProcessorTests.java,L243-L243,17,git diff 8b764a52096332884b3f572db92c8923a166b717 08e3cebc00ec08c3e2fc9e4a4d2253b8ed16417a server/src/test/java/org/elasticsearch/ingest/CompoundProcessorTests.java,https://github.com/elastic/elasticsearch/commit/08e3cebc00ec08c3e2fc9e4a4d2253b8ed16417a,,,,,,,,,
51,elastic/elasticsearch,server/src/test/java/org/elasticsearch/ingest/CompoundProcessorTests.java,CompoundProcessorTests.java,L267-L267,17,git diff 8b764a52096332884b3f572db92c8923a166b717 08e3cebc00ec08c3e2fc9e4a4d2253b8ed16417a server/src/test/java/org/elasticsearch/ingest/CompoundProcessorTests.java,https://github.com/elastic/elasticsearch/commit/08e3cebc00ec08c3e2fc9e4a4d2253b8ed16417a,,,,,,,,,
52,elastic/elasticsearch,server/src/test/java/org/elasticsearch/ingest/CompoundProcessorTests.java,CompoundProcessorTests.java,L268-L268,17,git diff 8b764a52096332884b3f572db92c8923a166b717 08e3cebc00ec08c3e2fc9e4a4d2253b8ed16417a server/src/test/java/org/elasticsearch/ingest/CompoundProcessorTests.java,https://github.com/elastic/elasticsearch/commit/08e3cebc00ec08c3e2fc9e4a4d2253b8ed16417a,,,,,,,,,
53,elastic/elasticsearch,server/src/test/java/org/elasticsearch/ingest/TrackingResultProcessorTests.java,TrackingResultProcessorTests.java,L104-L104,17,git diff 8b764a52096332884b3f572db92c8923a166b717 08e3cebc00ec08c3e2fc9e4a4d2253b8ed16417a server/src/test/java/org/elasticsearch/ingest/TrackingResultProcessorTests.java,https://github.com/elastic/elasticsearch/commit/08e3cebc00ec08c3e2fc9e4a4d2253b8ed16417a,,,,,,,,,
54,elastic/elasticsearch,x-pack/plugin/sql/src/test/java/org/elasticsearch/xpack/sql/execution/search/extractor/CompositeKeyExtractorTests.java,CompositeKeyExtractorTests.java,L88-L88,28,git diff 9f5611f820d9e91f9a32cf2dea33ecb634f8ce54 5c844798045d7baa0d932289d2e3d1607ba6a9a4 x-pack/plugin/sql/src/test/java/org/elasticsearch/xpack/sql/execution/search/extractor/CompositeKeyExtractorTests.java,https://github.com/elastic/elasticsearch/commit/5c844798045d7baa0d932289d2e3d1607ba6a9a4,,,,,,,,,
55,elastic/elasticsearch,x-pack/plugin/sql/src/test/java/org/elasticsearch/xpack/sql/execution/search/extractor/CompositeKeyExtractorTests.java,CompositeKeyExtractorTests.java,L88-L88,28,git diff 9f5611f820d9e91f9a32cf2dea33ecb634f8ce54 5c844798045d7baa0d932289d2e3d1607ba6a9a4 x-pack/plugin/sql/src/test/java/org/elasticsearch/xpack/sql/execution/search/extractor/CompositeKeyExtractorTests.java,https://github.com/elastic/elasticsearch/commit/5c844798045d7baa0d932289d2e3d1607ba6a9a4,,,,,,,,,
56,elastic/elasticsearch,server/src/main/java/org/elasticsearch/action/support/single/shard/TransportSingleShardAction.java,TransportSingleShardAction.java,L127-L131,31,git diff 0531987a0466fd7e4af367c76cf6b8911b4df51c 8270c801614418ac2647ecabc6cb0d2b4d376ef2 server/src/main/java/org/elasticsearch/action/support/single/shard/TransportSingleShardAction.java,https://github.com/elastic/elasticsearch/commit/8270c801614418ac2647ecabc6cb0d2b4d376ef2,,,,,,,,,
57,elastic/elasticsearch,server/src/main/java/org/elasticsearch/index/query/InnerHitBuilder.java,InnerHitBuilder.java,L216-L216,80,git diff 6c2ec3332fc73ec1ea1e5cbddd0cd7a1150b19be 74ba9cedcb72b5b94836e91af1a22c596b1db29c server/src/main/java/org/elasticsearch/index/query/InnerHitBuilder.java,https://github.com/elastic/elasticsearch/commit/74ba9cedcb72b5b94836e91af1a22c596b1db29c,,,,,,,,,
58,elastic/elasticsearch,server/src/main/java/org/elasticsearch/search/builder/SearchSourceBuilder.java,SearchSourceBuilder.java,L277-L277,80,git diff 6c2ec3332fc73ec1ea1e5cbddd0cd7a1150b19be 74ba9cedcb72b5b94836e91af1a22c596b1db29c server/src/main/java/org/elasticsearch/search/builder/SearchSourceBuilder.java,https://github.com/elastic/elasticsearch/commit/74ba9cedcb72b5b94836e91af1a22c596b1db29c,,,,,,,,,
59,elastic/elasticsearch,x-pack/plugin/core/src/test/java/org/elasticsearch/xpack/core/ml/datafeed/DatafeedConfigTests.java,DatafeedConfigTests.java,L268-L268,45,git diff 8f5e32a4d35e549e757a086b3529520c61213fee 92ac431c242baa6b1453e1ba55b12128b0ab8d10 x-pack/plugin/core/src/test/java/org/elasticsearch/xpack/core/ml/datafeed/DatafeedConfigTests.java,https://github.com/elastic/elasticsearch/commit/92ac431c242baa6b1453e1ba55b12128b0ab8d10,,,,,,,,,
60,elastic/elasticsearch,x-pack/plugin/core/src/test/java/org/elasticsearch/xpack/core/ml/datafeed/DatafeedConfigTests.java,DatafeedConfigTests.java,L287-L287,45,git diff 8f5e32a4d35e549e757a086b3529520c61213fee 92ac431c242baa6b1453e1ba55b12128b0ab8d10 x-pack/plugin/core/src/test/java/org/elasticsearch/xpack/core/ml/datafeed/DatafeedConfigTests.java,https://github.com/elastic/elasticsearch/commit/92ac431c242baa6b1453e1ba55b12128b0ab8d10,,,,,,,,,
61,elastic/elasticsearch,x-pack/plugin/core/src/main/java/org/elasticsearch/xpack/core/ccr/action/PutFollowAction.java,PutFollowAction.java,L68-L72,24,git diff 2f6afd290e4a884ea4b653fe4522917eceeb8d39 0beb3c93d1ca6dd891269d902bde0e32b9983bbc x-pack/plugin/core/src/main/java/org/elasticsearch/xpack/core/ccr/action/PutFollowAction.java,https://github.com/elastic/elasticsearch/commit/0beb3c93d1ca6dd891269d902bde0e32b9983bbc,,,,,,,,,
62,elastic/elasticsearch,x-pack/plugin/core/src/main/java/org/elasticsearch/xpack/core/security/action/privilege/PutPrivilegesResponse.java,PutPrivilegesResponse.java,L58-L58,29,git diff 1c2ae9185cef956074b9daf1453cc3b4d84e2c23 169cb387784653262c8de13666772a4942edbecf x-pack/plugin/core/src/main/java/org/elasticsearch/xpack/core/security/action/privilege/PutPrivilegesResponse.java,https://github.com/elastic/elasticsearch/commit/169cb387784653262c8de13666772a4942edbecf,,,,,,,,,
63,elastic/elasticsearch,x-pack/plugin/ml/src/main/java/org/elasticsearch/xpack/ml/action/TransportCloseJobAction.java,TransportCloseJobAction.java,L409-L409,123,git diff ea9b08dee127c7434aa308faf7c801f3e4e86315 e294056bbf3ce579c41847d0bbe4a407f9f3f1cd x-pack/plugin/ml/src/main/java/org/elasticsearch/xpack/ml/action/TransportCloseJobAction.java,https://github.com/elastic/elasticsearch/commit/e294056bbf3ce579c41847d0bbe4a407f9f3f1cd,,,,,,,,,
64,elastic/elasticsearch,x-pack/plugin/ml/src/test/java/org/elasticsearch/xpack/ml/action/TransportOpenJobActionTests.java,TransportOpenJobActionTests.java,L410-L417,123,git diff ea9b08dee127c7434aa308faf7c801f3e4e86315 e294056bbf3ce579c41847d0bbe4a407f9f3f1cd x-pack/plugin/ml/src/test/java/org/elasticsearch/xpack/ml/action/TransportOpenJobActionTests.java,https://github.com/elastic/elasticsearch/commit/e294056bbf3ce579c41847d0bbe4a407f9f3f1cd,,,,,,,,,
65,elastic/elasticsearch,x-pack/plugin/ml/src/test/java/org/elasticsearch/xpack/ml/action/TransportOpenJobActionTests.java,TransportOpenJobActionTests.java,L445-L448,123,git diff ea9b08dee127c7434aa308faf7c801f3e4e86315 e294056bbf3ce579c41847d0bbe4a407f9f3f1cd x-pack/plugin/ml/src/test/java/org/elasticsearch/xpack/ml/action/TransportOpenJobActionTests.java,https://github.com/elastic/elasticsearch/commit/e294056bbf3ce579c41847d0bbe4a407f9f3f1cd,,,,,,,,,
66,elastic/elasticsearch,x-pack/plugin/ml/src/test/java/org/elasticsearch/xpack/ml/action/TransportOpenJobActionTests.java,TransportOpenJobActionTests.java,L658-L659,123,git diff ea9b08dee127c7434aa308faf7c801f3e4e86315 e294056bbf3ce579c41847d0bbe4a407f9f3f1cd x-pack/plugin/ml/src/test/java/org/elasticsearch/xpack/ml/action/TransportOpenJobActionTests.java,https://github.com/elastic/elasticsearch/commit/e294056bbf3ce579c41847d0bbe4a407f9f3f1cd,,,,,,,,,
67,elastic/elasticsearch,x-pack/plugin/ml/src/test/java/org/elasticsearch/xpack/ml/integration/AnnotationIndexIT.java,AnnotationIndexIT.java,L46-L50,123,git diff ea9b08dee127c7434aa308faf7c801f3e4e86315 e294056bbf3ce579c41847d0bbe4a407f9f3f1cd x-pack/plugin/ml/src/test/java/org/elasticsearch/xpack/ml/integration/AnnotationIndexIT.java,https://github.com/elastic/elasticsearch/commit/e294056bbf3ce579c41847d0bbe4a407f9f3f1cd,,,,,,,,,
68,elastic/elasticsearch,x-pack/plugin/ml/src/test/java/org/elasticsearch/xpack/ml/job/retention/ExpiredModelSnapshotsRemoverTests.java,ExpiredModelSnapshotsRemoverTests.java,L212-L212,123,git diff ea9b08dee127c7434aa308faf7c801f3e4e86315 e294056bbf3ce579c41847d0bbe4a407f9f3f1cd x-pack/plugin/ml/src/test/java/org/elasticsearch/xpack/ml/job/retention/ExpiredModelSnapshotsRemoverTests.java,https://github.com/elastic/elasticsearch/commit/e294056bbf3ce579c41847d0bbe4a407f9f3f1cd,,,,,,,,,
69,elastic/elasticsearch,x-pack/plugin/ml/src/test/java/org/elasticsearch/xpack/ml/job/retention/ExpiredResultsRemoverTests.java,ExpiredResultsRemoverTests.java,L163-L163,123,git diff ea9b08dee127c7434aa308faf7c801f3e4e86315 e294056bbf3ce579c41847d0bbe4a407f9f3f1cd x-pack/plugin/ml/src/test/java/org/elasticsearch/xpack/ml/job/retention/ExpiredResultsRemoverTests.java,https://github.com/elastic/elasticsearch/commit/e294056bbf3ce579c41847d0bbe4a407f9f3f1cd,,,,,,,,,
70,elastic/elasticsearch,server/src/main/java/org/elasticsearch/transport/RemoteClusterConnection.java,RemoteClusterConnection.java,L675-L675,6,git diff 1f80c80b3ae1f99f77ea2d3a5fd519c722485fcf cd632de11636d5995d2e1c8c8cfe4abd001a9642 server/src/main/java/org/elasticsearch/transport/RemoteClusterConnection.java,https://github.com/elastic/elasticsearch/commit/cd632de11636d5995d2e1c8c8cfe4abd001a9642,,,,,,,,,无关
71,elastic/elasticsearch,server/src/test/java/org/elasticsearch/transport/RemoteClusterConnectionTests.java,RemoteClusterConnectionTests.java,L762-L762,6,git diff 1f80c80b3ae1f99f77ea2d3a5fd519c722485fcf cd632de11636d5995d2e1c8c8cfe4abd001a9642 server/src/test/java/org/elasticsearch/transport/RemoteClusterConnectionTests.java,https://github.com/elastic/elasticsearch/commit/cd632de11636d5995d2e1c8c8cfe4abd001a9642,,,,,,,,,无关
72,elastic/elasticsearch,server/src/test/java/org/elasticsearch/transport/RemoteClusterConnectionTests.java,RemoteClusterConnectionTests.java,L762-L762,6,git diff 1f80c80b3ae1f99f77ea2d3a5fd519c722485fcf cd632de11636d5995d2e1c8c8cfe4abd001a9642 server/src/test/java/org/elasticsearch/transport/RemoteClusterConnectionTests.java,https://github.com/elastic/elasticsearch/commit/cd632de11636d5995d2e1c8c8cfe4abd001a9642,,,,,,,,,无关
73,elastic/elasticsearch,server/src/test/java/org/elasticsearch/transport/RemoteClusterConnectionTests.java,RemoteClusterConnectionTests.java,L842-L842,6,git diff 1f80c80b3ae1f99f77ea2d3a5fd519c722485fcf cd632de11636d5995d2e1c8c8cfe4abd001a9642 server/src/test/java/org/elasticsearch/transport/RemoteClusterConnectionTests.java,https://github.com/elastic/elasticsearch/commit/cd632de11636d5995d2e1c8c8cfe4abd001a9642,,,,,,,,,无关
74,elastic/elasticsearch,server/src/test/java/org/elasticsearch/transport/RemoteClusterConnectionTests.java,RemoteClusterConnectionTests.java,L842-L842,6,git diff 1f80c80b3ae1f99f77ea2d3a5fd519c722485fcf cd632de11636d5995d2e1c8c8cfe4abd001a9642 server/src/test/java/org/elasticsearch/transport/RemoteClusterConnectionTests.java,https://github.com/elastic/elasticsearch/commit/cd632de11636d5995d2e1c8c8cfe4abd001a9642,,,,,,,,,无关
75,elastic/elasticsearch,server/src/test/java/org/elasticsearch/transport/RemoteClusterConnectionTests.java,RemoteClusterConnectionTests.java,L929-L929,6,git diff 1f80c80b3ae1f99f77ea2d3a5fd519c722485fcf cd632de11636d5995d2e1c8c8cfe4abd001a9642 server/src/test/java/org/elasticsearch/transport/RemoteClusterConnectionTests.java,https://github.com/elastic/elasticsearch/commit/cd632de11636d5995d2e1c8c8cfe4abd001a9642,,,,,,,,,无关
76,elastic/elasticsearch,server/src/test/java/org/elasticsearch/transport/RemoteClusterConnectionTests.java,RemoteClusterConnectionTests.java,L929-L929,6,git diff 1f80c80b3ae1f99f77ea2d3a5fd519c722485fcf cd632de11636d5995d2e1c8c8cfe4abd001a9642 server/src/test/java/org/elasticsearch/transport/RemoteClusterConnectionTests.java,https://github.com/elastic/elasticsearch/commit/cd632de11636d5995d2e1c8c8cfe4abd001a9642,,,,,,,,,无关
77,elastic/elasticsearch,server/src/test/java/org/elasticsearch/transport/RemoteClusterConnectionTests.java,RemoteClusterConnectionTests.java,L929-L929,6,git diff 1f80c80b3ae1f99f77ea2d3a5fd519c722485fcf cd632de11636d5995d2e1c8c8cfe4abd001a9642 server/src/test/java/org/elasticsearch/transport/RemoteClusterConnectionTests.java,https://github.com/elastic/elasticsearch/commit/cd632de11636d5995d2e1c8c8cfe4abd001a9642,,,,,,,,,无关
78,elastic/elasticsearch,server/src/main/java/org/elasticsearch/cluster/coordination/PublicationTransportHandler.java,PublicationTransportHandler.java,L87-L107,13,git diff fe29b18c26c40ef33ea13d2696128224f2275a58 d2ff01af13df1aab31d43e27571496a31c384723 server/src/main/java/org/elasticsearch/cluster/coordination/PublicationTransportHandler.java,https://github.com/elastic/elasticsearch/commit/d2ff01af13df1aab31d43e27571496a31c384723,,,,,,,,,
79,elastic/elasticsearch,server/src/main/java/org/elasticsearch/cluster/coordination/PublicationTransportHandler.java,PublicationTransportHandler.java,L139-L168,13,git diff fe29b18c26c40ef33ea13d2696128224f2275a58 d2ff01af13df1aab31d43e27571496a31c384723 server/src/main/java/org/elasticsearch/cluster/coordination/PublicationTransportHandler.java,https://github.com/elastic/elasticsearch/commit/d2ff01af13df1aab31d43e27571496a31c384723,,,,,,,,,
80,elastic/elasticsearch,x-pack/plugin/security/src/main/java/org/elasticsearch/xpack/security/authz/store/NativeRolesStore.java,NativeRolesStore.java,L109-L110,15,git diff a6d1cc6ca982ad0eb4b190ae727462b5ea9fcf14 0cd03d358140193cc84434d385947e84e0b70607 x-pack/plugin/security/src/main/java/org/elasticsearch/xpack/security/authz/store/NativeRolesStore.java,https://github.com/elastic/elasticsearch/commit/0cd03d358140193cc84434d385947e84e0b70607,,,,,,,,,
81,elastic/elasticsearch,x-pack/plugin/security/src/main/java/org/elasticsearch/xpack/security/authz/store/NativeRolesStore.java,NativeRolesStore.java,L269-L289,15,git diff a6d1cc6ca982ad0eb4b190ae727462b5ea9fcf14 0cd03d358140193cc84434d385947e84e0b70607 x-pack/plugin/security/src/main/java/org/elasticsearch/xpack/security/authz/store/NativeRolesStore.java,https://github.com/elastic/elasticsearch/commit/0cd03d358140193cc84434d385947e84e0b70607,,,,,,,,,
82,elastic/elasticsearch,x-pack/plugin/security/src/main/java/org/elasticsearch/xpack/security/authz/store/NativeRolesStore.java,NativeRolesStore.java,L281-L282,15,git diff a6d1cc6ca982ad0eb4b190ae727462b5ea9fcf14 0cd03d358140193cc84434d385947e84e0b70607 x-pack/plugin/security/src/main/java/org/elasticsearch/xpack/security/authz/store/NativeRolesStore.java,https://github.com/elastic/elasticsearch/commit/0cd03d358140193cc84434d385947e84e0b70607,,,,,,,,,
83,elastic/elasticsearch,x-pack/plugin/security/src/test/java/org/elasticsearch/xpack/security/authz/IndicesAndAliasesResolverTests.java,IndicesAndAliasesResolverTests.java,L786-L787,10,git diff 0f0068b91cad02fe504e2ecc1a23742275120758 00a6ad0e9ee874bc211a2fc55824b0c14975c7a5 x-pack/plugin/security/src/test/java/org/elasticsearch/xpack/security/authz/IndicesAndAliasesResolverTests.java,https://github.com/elastic/elasticsearch/commit/00a6ad0e9ee874bc211a2fc55824b0c14975c7a5,,,,,,,,,不确定
84,elastic/elasticsearch,x-pack/plugin/security/src/test/java/org/elasticsearch/xpack/security/authz/IndicesAndAliasesResolverTests.java,IndicesAndAliasesResolverTests.java,L1093-L1093,10,git diff 0f0068b91cad02fe504e2ecc1a23742275120758 00a6ad0e9ee874bc211a2fc55824b0c14975c7a5 x-pack/plugin/security/src/test/java/org/elasticsearch/xpack/security/authz/IndicesAndAliasesResolverTests.java,https://github.com/elastic/elasticsearch/commit/00a6ad0e9ee874bc211a2fc55824b0c14975c7a5,,,,,,,,,不确定
85,elastic/elasticsearch,x-pack/plugin/security/src/test/java/org/elasticsearch/xpack/security/authz/IndicesAndAliasesResolverTests.java,IndicesAndAliasesResolverTests.java,L1105-L1105,10,git diff 0f0068b91cad02fe504e2ecc1a23742275120758 00a6ad0e9ee874bc211a2fc55824b0c14975c7a5 x-pack/plugin/security/src/test/java/org/elasticsearch/xpack/security/authz/IndicesAndAliasesResolverTests.java,https://github.com/elastic/elasticsearch/commit/00a6ad0e9ee874bc211a2fc55824b0c14975c7a5,,,,,,,,,不确定
86,elastic/elasticsearch,server/src/main/java/org/elasticsearch/transport/TransportService.java,TransportService.java,L924-L928,194,git diff ac654cbc10684c39145e5a9dbaae7b112fa1dd81 f736205fd5ed71a26674c0932cf53901f21a8aee server/src/main/java/org/elasticsearch/transport/TransportService.java,https://github.com/elastic/elasticsearch/commit/f736205fd5ed71a26674c0932cf53901f21a8aee,,,,,,,,,
87,elastic/elasticsearch,x-pack/plugin/security/src/test/java/org/elasticsearch/xpack/security/authc/support/HasherTests.java,HasherTests.java,L131-L133,194,git diff ac654cbc10684c39145e5a9dbaae7b112fa1dd81 f736205fd5ed71a26674c0932cf53901f21a8aee x-pack/plugin/security/src/test/java/org/elasticsearch/xpack/security/authc/support/HasherTests.java,https://github.com/elastic/elasticsearch/commit/f736205fd5ed71a26674c0932cf53901f21a8aee,,,,,,,,,
88,elastic/elasticsearch,client/rest-high-level/src/test/java/org/elasticsearch/client/SearchIT.java,SearchIT.java,L549-L549,148,git diff 5c6711b8a440a937dccb890e1e33cc75728bbc0c 64b4cdeda64c2d749881af4b1271b1677aa4b76c client/rest-high-level/src/test/java/org/elasticsearch/client/SearchIT.java,https://github.com/elastic/elasticsearch/commit/64b4cdeda64c2d749881af4b1271b1677aa4b76c,,,,,,,,,
89,elastic/elasticsearch,client/rest-high-level/src/test/java/org/elasticsearch/client/SearchIT.java,SearchIT.java,L550-L550,148,git diff 5c6711b8a440a937dccb890e1e33cc75728bbc0c 64b4cdeda64c2d749881af4b1271b1677aa4b76c client/rest-high-level/src/test/java/org/elasticsearch/client/SearchIT.java,https://github.com/elastic/elasticsearch/commit/64b4cdeda64c2d749881af4b1271b1677aa4b76c,,,,,,,,,
90,elastic/elasticsearch,server/src/main/java/org/elasticsearch/search/fetch/subphase/DocValueFieldsFetchSubPhase.java,DocValueFieldsFetchSubPhase.java,L62-L62,93,git diff 65a52816c3d5d2bbc83b18a36769f8540fd220a2 3fb2c45fa74b9d70667ade8ea4bb617339978c48 server/src/main/java/org/elasticsearch/search/fetch/subphase/DocValueFieldsFetchSubPhase.java,https://github.com/elastic/elasticsearch/commit/3fb2c45fa74b9d70667ade8ea4bb617339978c48,,,,,,,,,
91,elastic/elasticsearch,plugins/repository-gcs/src/main/java/org/elasticsearch/repositories/gcs/GoogleCloudStorageBlobStore.java,GoogleCloudStorageBlobStore.java,L129-L129,278,git diff 7942e4082a7b0b845f48e4113ae9ac8cd4dcb3ef 5298237847407039c6cbbddcc77d45225dc5efb3 plugins/repository-gcs/src/main/java/org/elasticsearch/repositories/gcs/GoogleCloudStorageBlobStore.java,https://github.com/elastic/elasticsearch/commit/5298237847407039c6cbbddcc77d45225dc5efb3,,,,,,,,,
92,elastic/elasticsearch,plugins/repository-gcs/src/main/java/org/elasticsearch/repositories/gcs/GoogleCloudStorageBlobStore.java,GoogleCloudStorageBlobStore.java,L304-L309,278,git diff 7942e4082a7b0b845f48e4113ae9ac8cd4dcb3ef 5298237847407039c6cbbddcc77d45225dc5efb3 plugins/repository-gcs/src/main/java/org/elasticsearch/repositories/gcs/GoogleCloudStorageBlobStore.java,https://github.com/elastic/elasticsearch/commit/5298237847407039c6cbbddcc77d45225dc5efb3,,,,,,,,,
93,elastic/elasticsearch,server/src/main/java/org/elasticsearch/cluster/routing/allocation/decider/AwarenessAllocationDecider.java,AwarenessAllocationDecider.java,L82-L82,278,git diff 7942e4082a7b0b845f48e4113ae9ac8cd4dcb3ef 5298237847407039c6cbbddcc77d45225dc5efb3 server/src/main/java/org/elasticsearch/cluster/routing/allocation/decider/AwarenessAllocationDecider.java,https://github.com/elastic/elasticsearch/commit/5298237847407039c6cbbddcc77d45225dc5efb3,,,,,,,,,
94,elastic/elasticsearch,x-pack/plugin/security/src/main/java/org/elasticsearch/xpack/security/transport/nio/SecurityNioTransport.java,SecurityNioTransport.java,L131-L132,278,git diff 7942e4082a7b0b845f48e4113ae9ac8cd4dcb3ef 5298237847407039c6cbbddcc77d45225dc5efb3 x-pack/plugin/security/src/main/java/org/elasticsearch/xpack/security/transport/nio/SecurityNioTransport.java,https://github.com/elastic/elasticsearch/commit/5298237847407039c6cbbddcc77d45225dc5efb3,,,,,,,,,
95,elastic/elasticsearch,server/src/test/java/org/elasticsearch/action/admin/indices/alias/IndicesAliasesResponseTests.java,IndicesAliasesResponseTests.java,L45-L45,24,git diff 3728c50d85bfc1fad477cadd86d5a3cd850a5746 cd3d9c9f8062e86f1c26233196a3888b620023a2 server/src/test/java/org/elasticsearch/action/admin/indices/alias/IndicesAliasesResponseTests.java,https://github.com/elastic/elasticsearch/commit/cd3d9c9f8062e86f1c26233196a3888b620023a2,,,,,,,,,
96,elastic/elasticsearch,server/src/test/java/org/elasticsearch/action/admin/indices/close/CloseIndexResponseTests.java,CloseIndexResponseTests.java,L45-L45,24,git diff 3728c50d85bfc1fad477cadd86d5a3cd850a5746 cd3d9c9f8062e86f1c26233196a3888b620023a2 server/src/test/java/org/elasticsearch/action/admin/indices/close/CloseIndexResponseTests.java,https://github.com/elastic/elasticsearch/commit/cd3d9c9f8062e86f1c26233196a3888b620023a2,,,,,,,,,
97,elastic/elasticsearch,server/src/test/java/org/elasticsearch/action/admin/indices/delete/DeleteIndexResponseTests.java,DeleteIndexResponseTests.java,L52-L52,24,git diff 3728c50d85bfc1fad477cadd86d5a3cd850a5746 cd3d9c9f8062e86f1c26233196a3888b620023a2 server/src/test/java/org/elasticsearch/action/admin/indices/delete/DeleteIndexResponseTests.java,https://github.com/elastic/elasticsearch/commit/cd3d9c9f8062e86f1c26233196a3888b620023a2,,,,,,,,,
98,elastic/elasticsearch,server/src/test/java/org/elasticsearch/action/admin/indices/mapping/put/PutMappingResponseTests.java,PutMappingResponseTests.java,L52-L52,24,git diff 3728c50d85bfc1fad477cadd86d5a3cd850a5746 cd3d9c9f8062e86f1c26233196a3888b620023a2 server/src/test/java/org/elasticsearch/action/admin/indices/mapping/put/PutMappingResponseTests.java,https://github.com/elastic/elasticsearch/commit/cd3d9c9f8062e86f1c26233196a3888b620023a2,,,,,,,,,
99,elastic/elasticsearch,plugins/discovery-gce/src/test/java/org/elasticsearch/discovery/gce/GceDiscoverTests.java,GceDiscoverTests.java,L129-L169,389,git diff ed014e570feb11a72f9f15506863dc0e29b04e12 f6b46db90ccfbcd0c25a90090172715cfd5186b6 plugins/discovery-gce/src/test/java/org/elasticsearch/discovery/gce/GceDiscoverTests.java,https://github.com/elastic/elasticsearch/commit/f6b46db90ccfbcd0c25a90090172715cfd5186b6,,,,,,,,,
100,elastic/elasticsearch,server/src/main/java/org/elasticsearch/action/admin/indices/open/OpenIndexResponse.java,OpenIndexResponse.java,L49-L49,389,git diff ed014e570feb11a72f9f15506863dc0e29b04e12 f6b46db90ccfbcd0c25a90090172715cfd5186b6 server/src/main/java/org/elasticsearch/action/admin/indices/open/OpenIndexResponse.java,https://github.com/elastic/elasticsearch/commit/f6b46db90ccfbcd0c25a90090172715cfd5186b6,,,,,,,,,
101,elastic/elasticsearch,server/src/main/java/org/elasticsearch/action/admin/indices/rollover/RolloverResponse.java,RolloverResponse.java,L65-L65,389,git diff ed014e570feb11a72f9f15506863dc0e29b04e12 f6b46db90ccfbcd0c25a90090172715cfd5186b6 server/src/main/java/org/elasticsearch/action/admin/indices/rollover/RolloverResponse.java,https://github.com/elastic/elasticsearch/commit/f6b46db90ccfbcd0c25a90090172715cfd5186b6,,,,,,,,,
102,elastic/elasticsearch,server/src/main/java/org/elasticsearch/rest/action/admin/indices/RestRolloverIndexAction.java,RestRolloverIndexAction.java,L48-L48,389,git diff ed014e570feb11a72f9f15506863dc0e29b04e12 f6b46db90ccfbcd0c25a90090172715cfd5186b6 server/src/main/java/org/elasticsearch/rest/action/admin/indices/RestRolloverIndexAction.java,https://github.com/elastic/elasticsearch/commit/f6b46db90ccfbcd0c25a90090172715cfd5186b6,,,,,,,,,
103,elastic/elasticsearch,server/src/test/java/org/elasticsearch/index/engine/CombinedDeletionPolicyTests.java,CombinedDeletionPolicyTests.java,L134-L137,389,git diff ed014e570feb11a72f9f15506863dc0e29b04e12 f6b46db90ccfbcd0c25a90090172715cfd5186b6 server/src/test/java/org/elasticsearch/index/engine/CombinedDeletionPolicyTests.java,https://github.com/elastic/elasticsearch/commit/f6b46db90ccfbcd0c25a90090172715cfd5186b6,,,,,,,,,
104,elastic/elasticsearch,server/src/test/java/org/elasticsearch/indices/recovery/RecoveryTests.java,RecoveryTests.java,L210-L210,389,git diff ed014e570feb11a72f9f15506863dc0e29b04e12 f6b46db90ccfbcd0c25a90090172715cfd5186b6 server/src/test/java/org/elasticsearch/indices/recovery/RecoveryTests.java,https://github.com/elastic/elasticsearch/commit/f6b46db90ccfbcd0c25a90090172715cfd5186b6,,,,,,,,,
105,elastic/elasticsearch,sql/server/src/main/java/org/elasticsearch/xpack/sql/plugin/RestSqlJdbcAction.java,RestSqlJdbcAction.java,L189-L189,25,git diff 5c6e5c1cb502869585be1f02813625766934feca 773cdf0f9f8166e1609ca9fd64a866f39384652d sql/server/src/main/java/org/elasticsearch/xpack/sql/plugin/RestSqlJdbcAction.java,https://github.com/elastic/elasticsearch/commit/773cdf0f9f8166e1609ca9fd64a866f39384652d,,,,,,,,,
106,elastic/elasticsearch,plugin/src/main/java/org/elasticsearch/xpack/security/audit/index/IndexAuditTrail.java,IndexAuditTrail.java,L936-L937,127,git diff c7a64667d44819398e91e21f6e4974201a8f3145 0a683a0e18548d2fd72fba5e67a243e6eec86666 plugin/src/main/java/org/elasticsearch/xpack/security/audit/index/IndexAuditTrail.java,https://github.com/elastic/elasticsearch/commit/0a683a0e18548d2fd72fba5e67a243e6eec86666,,,,,,,,,
107,elastic/elasticsearch,plugin/src/main/java/org/elasticsearch/xpack/security/authc/esnative/NativeUsersStore.java,NativeUsersStore.java,L187-L187,127,git diff c7a64667d44819398e91e21f6e4974201a8f3145 0a683a0e18548d2fd72fba5e67a243e6eec86666 plugin/src/main/java/org/elasticsearch/xpack/security/authc/esnative/NativeUsersStore.java,https://github.com/elastic/elasticsearch/commit/0a683a0e18548d2fd72fba5e67a243e6eec86666,,,,,,,,,
108,elastic/elasticsearch,plugin/src/main/java/org/elasticsearch/xpack/security/authc/esnative/NativeUsersStore.java,NativeUsersStore.java,L307-L307,127,git diff c7a64667d44819398e91e21f6e4974201a8f3145 0a683a0e18548d2fd72fba5e67a243e6eec86666 plugin/src/main/java/org/elasticsearch/xpack/security/authc/esnative/NativeUsersStore.java,https://github.com/elastic/elasticsearch/commit/0a683a0e18548d2fd72fba5e67a243e6eec86666,,,,,,,,,
109,elastic/elasticsearch,plugin/src/main/java/org/elasticsearch/xpack/security/authc/esnative/NativeUsersStore.java,NativeUsersStore.java,L573-L574,127,git diff c7a64667d44819398e91e21f6e4974201a8f3145 0a683a0e18548d2fd72fba5e67a243e6eec86666 plugin/src/main/java/org/elasticsearch/xpack/security/authc/esnative/NativeUsersStore.java,https://github.com/elastic/elasticsearch/commit/0a683a0e18548d2fd72fba5e67a243e6eec86666,,,,,,,,,
110,elastic/elasticsearch,plugin/src/main/java/org/elasticsearch/xpack/security/authc/esnative/NativeUsersStore.java,NativeUsersStore.java,L671-L671,127,git diff c7a64667d44819398e91e21f6e4974201a8f3145 0a683a0e18548d2fd72fba5e67a243e6eec86666 plugin/src/main/java/org/elasticsearch/xpack/security/authc/esnative/NativeUsersStore.java,https://github.com/elastic/elasticsearch/commit/0a683a0e18548d2fd72fba5e67a243e6eec86666,,,,,,,,,
111,elastic/elasticsearch,plugin/src/main/java/org/elasticsearch/xpack/security/authz/store/NativeRolesStore.java,NativeRolesStore.java,L227-L227,127,git diff c7a64667d44819398e91e21f6e4974201a8f3145 0a683a0e18548d2fd72fba5e67a243e6eec86666 plugin/src/main/java/org/elasticsearch/xpack/security/authz/store/NativeRolesStore.java,https://github.com/elastic/elasticsearch/commit/0a683a0e18548d2fd72fba5e67a243e6eec86666,,,,,,,,,
112,elastic/elasticsearch,plugin/src/main/java/org/elasticsearch/xpack/security/authz/store/NativeRolesStore.java,NativeRolesStore.java,L317-L317,127,git diff c7a64667d44819398e91e21f6e4974201a8f3145 0a683a0e18548d2fd72fba5e67a243e6eec86666 plugin/src/main/java/org/elasticsearch/xpack/security/authz/store/NativeRolesStore.java,https://github.com/elastic/elasticsearch/commit/0a683a0e18548d2fd72fba5e67a243e6eec86666,,,,,,,,,
113,elastic/elasticsearch,plugin/src/main/java/org/elasticsearch/xpack/security/authz/store/NativeRolesStore.java,NativeRolesStore.java,L410-L410,127,git diff c7a64667d44819398e91e21f6e4974201a8f3145 0a683a0e18548d2fd72fba5e67a243e6eec86666 plugin/src/main/java/org/elasticsearch/xpack/security/authz/store/NativeRolesStore.java,https://github.com/elastic/elasticsearch/commit/0a683a0e18548d2fd72fba5e67a243e6eec86666,,,,,,,,,
114,elastic/elasticsearch,plugin/src/main/java/org/elasticsearch/xpack/watcher/transport/actions/execute/TransportExecuteWatchAction.java,TransportExecuteWatchAction.java,L96-L96,127,git diff c7a64667d44819398e91e21f6e4974201a8f3145 0a683a0e18548d2fd72fba5e67a243e6eec86666 plugin/src/main/java/org/elasticsearch/xpack/watcher/transport/actions/execute/TransportExecuteWatchAction.java,https://github.com/elastic/elasticsearch/commit/0a683a0e18548d2fd72fba5e67a243e6eec86666,,,,,,,,,
115,neo4j/neo4j,community/kernel/src/main/java/org/neo4j/kernel/impl/storageengine/impl/recordstorage/RecordStorageEngine.java,RecordStorageEngine.java,L254-L255,155,git diff 97c747e00b56f7ec6f7d170faad19308a843c937 0a000e75dee4927a01e190063d0abba79be71882 community/kernel/src/main/java/org/neo4j/kernel/impl/storageengine/impl/recordstorage/RecordStorageEngine.java,https://github.com/neo4j/neo4j/commit/0a000e75dee4927a01e190063d0abba79be71882,,,,,,,,,
116,neo4j/neo4j,community/bolt/src/main/java/org/neo4j/bolt/v1/messaging/BoltResponseMessageWriter.java,BoltResponseMessageWriter.java,L40-L42,17,git diff 354805bbb9c040c16792653afb2eb2488b89c18f 202a8a9941b2b738812c1e07e121bd64975539c1 community/bolt/src/main/java/org/neo4j/bolt/v1/messaging/BoltResponseMessageWriter.java,https://github.com/neo4j/neo4j/commit/202a8a9941b2b738812c1e07e121bd64975539c1,,,,,,,,,
117,neo4j/neo4j,enterprise/causal-clustering/src/main/java/org/neo4j/causalclustering/discovery/HazelcastClusterTopology.java,HazelcastClusterTopology.java,L134-L134,1,git diff 0e8bad0d826408d37cd3da1b289e78af5012cab0 bff1a313600cd6f1820bbb693de01cb03b9ddd80 enterprise/causal-clustering/src/main/java/org/neo4j/causalclustering/discovery/HazelcastClusterTopology.java,https://github.com/neo4j/neo4j/commit/bff1a313600cd6f1820bbb693de01cb03b9ddd80,,,,,,,,,refactor
118,neo4j/neo4j,community/io/src/test/java/org/neo4j/test/rule/PageCacheAndDependenciesRule.java,PageCacheAndDependenciesRule.java,L48-L48,117,git diff ad7d6affd143a3292fefef202b5b18faa56e777a dd4994acef18279411f22b37bccdc9075ccf17a8 community/io/src/test/java/org/neo4j/test/rule/PageCacheAndDependenciesRule.java,https://github.com/neo4j/neo4j/commit/dd4994acef18279411f22b37bccdc9075ccf17a8,,,,,,,,,
119,neo4j/neo4j,community/kernel/src/main/java/org/neo4j/kernel/configuration/Config.java,Config.java,L86-L88,308,git diff 64397824f78114baea5ab70ef6efac389e5ef124 b6b690b6fb10b89de2d6d14349d2f6d352fa518d community/kernel/src/main/java/org/neo4j/kernel/configuration/Config.java,https://github.com/neo4j/neo4j/commit/b6b690b6fb10b89de2d6d14349d2f6d352fa518d,,,,,,,,,
120,neo4j/neo4j,community/kernel/src/test/java/org/neo4j/kernel/configuration/ConfigTest.java,ConfigTest.java,L114-L116,308,git diff 64397824f78114baea5ab70ef6efac389e5ef124 b6b690b6fb10b89de2d6d14349d2f6d352fa518d community/kernel/src/test/java/org/neo4j/kernel/configuration/ConfigTest.java,https://github.com/neo4j/neo4j/commit/b6b690b6fb10b89de2d6d14349d2f6d352fa518d,,,,,,,,,
121,neo4j/neo4j,community/kernel/src/test/java/org/neo4j/kernel/configuration/ConfigTest.java,ConfigTest.java,L232-L232,308,git diff 64397824f78114baea5ab70ef6efac389e5ef124 b6b690b6fb10b89de2d6d14349d2f6d352fa518d community/kernel/src/test/java/org/neo4j/kernel/configuration/ConfigTest.java,https://github.com/neo4j/neo4j/commit/b6b690b6fb10b89de2d6d14349d2f6d352fa518d,,,,,,,,,
122,neo4j/neo4j,community/kernel/src/test/java/org/neo4j/kernel/configuration/ConfigTest.java,ConfigTest.java,L255-L255,308,git diff 64397824f78114baea5ab70ef6efac389e5ef124 b6b690b6fb10b89de2d6d14349d2f6d352fa518d community/kernel/src/test/java/org/neo4j/kernel/configuration/ConfigTest.java,https://github.com/neo4j/neo4j/commit/b6b690b6fb10b89de2d6d14349d2f6d352fa518d,,,,,,,,,
123,neo4j/neo4j,community/kernel/src/test/java/org/neo4j/kernel/configuration/ConfigTest.java,ConfigTest.java,L273-L273,308,git diff 64397824f78114baea5ab70ef6efac389e5ef124 b6b690b6fb10b89de2d6d14349d2f6d352fa518d community/kernel/src/test/java/org/neo4j/kernel/configuration/ConfigTest.java,https://github.com/neo4j/neo4j/commit/b6b690b6fb10b89de2d6d14349d2f6d352fa518d,,,,,,,,,
124,neo4j/neo4j,community/kernel/src/test/java/org/neo4j/kernel/configuration/SettingsTest.java,SettingsTest.java,L381-L381,308,git diff 64397824f78114baea5ab70ef6efac389e5ef124 b6b690b6fb10b89de2d6d14349d2f6d352fa518d community/kernel/src/test/java/org/neo4j/kernel/configuration/SettingsTest.java,https://github.com/neo4j/neo4j/commit/b6b690b6fb10b89de2d6d14349d2f6d352fa518d,,,,,,,,,
125,neo4j/neo4j,enterprise/backup/src/main/java/org/neo4j/backup/BackupService.java,BackupService.java,L226-L226,308,git diff 64397824f78114baea5ab70ef6efac389e5ef124 b6b690b6fb10b89de2d6d14349d2f6d352fa518d enterprise/backup/src/main/java/org/neo4j/backup/BackupService.java,https://github.com/neo4j/neo4j/commit/b6b690b6fb10b89de2d6d14349d2f6d352fa518d,,,,,,,,,
126,neo4j/neo4j,enterprise/security/src/main/java/org/neo4j/server/security/enterprise/configuration/SecuritySettings.java,SecuritySettings.java,L76-L76,308,git diff 64397824f78114baea5ab70ef6efac389e5ef124 b6b690b6fb10b89de2d6d14349d2f6d352fa518d enterprise/security/src/main/java/org/neo4j/server/security/enterprise/configuration/SecuritySettings.java,https://github.com/neo4j/neo4j/commit/b6b690b6fb10b89de2d6d14349d2f6d352fa518d,,,,,,,,,
127,neo4j/neo4j,enterprise/causal-clustering/src/main/java/org/neo4j/causalclustering/discovery/HazelcastClusterTopology.java,HazelcastClusterTopology.java,L118-L118,78,git diff b379563c9869617e4fad1743939495fa6e3dd3ae a5fc639ab7cab0f355ef5c4ac7d24c5ca229dd7d enterprise/causal-clustering/src/main/java/org/neo4j/causalclustering/discovery/HazelcastClusterTopology.java,https://github.com/neo4j/neo4j/commit/a5fc639ab7cab0f355ef5c4ac7d24c5ca229dd7d,,,,,,,,,
128,neo4j/neo4j,enterprise/security/src/main/java/org/neo4j/server/security/enterprise/auth/InternalFlatFileRealm.java,InternalFlatFileRealm.java,L142-L142,13,git diff ebaf8617fdfdd21fdac69e479d938a8966fb5156 ba802146bfb948f8ca4bc29d51b2626b9864a1a9 enterprise/security/src/main/java/org/neo4j/server/security/enterprise/auth/InternalFlatFileRealm.java,https://github.com/neo4j/neo4j/commit/ba802146bfb948f8ca4bc29d51b2626b9864a1a9,,,,,,,,,
129,prestodb/presto,presto-hive/src/test/java/com/facebook/presto/hive/metastore/thrift/InMemoryHiveMetastore.java,InMemoryHiveMetastore.java,L456-L456,11,git diff 7e46bbc5b832059ffa1ab29f5b32872387be0222 0befbff1930d541f7fb528cdfe37723ee37bda6e presto-hive/src/test/java/com/facebook/presto/hive/metastore/thrift/InMemoryHiveMetastore.java,https://github.com/prestodb/presto/commit/0befbff1930d541f7fb528cdfe37723ee37bda6e,,,,,,,,,
130,prestodb/presto,presto-hive/src/test/java/com/facebook/presto/hive/metastore/thrift/InMemoryHiveMetastore.java,InMemoryHiveMetastore.java,L477-L477,11,git diff 7e46bbc5b832059ffa1ab29f5b32872387be0222 0befbff1930d541f7fb528cdfe37723ee37bda6e presto-hive/src/test/java/com/facebook/presto/hive/metastore/thrift/InMemoryHiveMetastore.java,https://github.com/prestodb/presto/commit/0befbff1930d541f7fb528cdfe37723ee37bda6e,,,,,,,,,
131,prestodb/presto,presto-main/src/test/java/com/facebook/presto/metadata/TestInformationSchemaTableHandle.java,TestInformationSchemaTableHandle.java,L57-L60,65,git diff 1ed710b02e866c055b0a012d25f09b72b1f03b5f 77391bd9f9cdd2df54d98ac9abe03c8ece52db4f presto-main/src/test/java/com/facebook/presto/metadata/TestInformationSchemaTableHandle.java,https://github.com/prestodb/presto/commit/77391bd9f9cdd2df54d98ac9abe03c8ece52db4f,,,,,,,,,
132,prestodb/presto,presto-main/src/test/java/com/facebook/presto/metadata/TestSystemTableHandle.java,TestSystemTableHandle.java,L56-L59,65,git diff 1ed710b02e866c055b0a012d25f09b72b1f03b5f 77391bd9f9cdd2df54d98ac9abe03c8ece52db4f presto-main/src/test/java/com/facebook/presto/metadata/TestSystemTableHandle.java,https://github.com/prestodb/presto/commit/77391bd9f9cdd2df54d98ac9abe03c8ece52db4f,,,,,,,,,
133,vavr-io/vavr,src/main/java/javaslang/match/Pattern.java,Pattern.java,L108-L108,7,git diff 224f1130dd218f7c38e009a3b7b86b317fb6a12d 2d1b21f5502f7f7ca80526c44bf3d7ecab0e6480 src/main/java/javaslang/match/Pattern.java,https://github.com/vavr-io/vavr/commit/2d1b21f5502f7f7ca80526c44bf3d7ecab0e6480,,,,,,,,,serialize
134,vavr-io/vavr,src/main/java/javaslang/match/Pattern.java,Pattern.java,L120-L120,7,git diff 224f1130dd218f7c38e009a3b7b86b317fb6a12d 2d1b21f5502f7f7ca80526c44bf3d7ecab0e6480 src/main/java/javaslang/match/Pattern.java,https://github.com/vavr-io/vavr/commit/2d1b21f5502f7f7ca80526c44bf3d7ecab0e6480,,,,,,,,,serialize
135,vavr-io/vavr,src/main/java/javaslang/match/Patterns.java,Patterns.java,L54-L62,7,git diff 224f1130dd218f7c38e009a3b7b86b317fb6a12d 2d1b21f5502f7f7ca80526c44bf3d7ecab0e6480 src/main/java/javaslang/match/Patterns.java,https://github.com/vavr-io/vavr/commit/2d1b21f5502f7f7ca80526c44bf3d7ecab0e6480,,,,,,,,,serialize
apache项目,,,,,,,,,,,,,,,,
seq,project,file path,file name,line number,modified java files,git command, commit link,,,,,,,,,
1,apache/beam,sdks/java/extensions/sql/src/test/java/org/apache/beam/sdk/extensions/sql/meta/provider/kafka/BeamKafkaCSVTableTest.java,BeamKafkaCSVTableTest.java,L90-L95,281,git diff 52cabfd222034614e2ae08d89e0dc737efebbaf9 aec829a87541e3e6deac9363b7d7583fd317b1ca sdks/java/extensions/sql/src/test/java/org/apache/beam/sdk/extensions/sql/meta/provider/kafka/BeamKafkaCSVTableTest.java,https://github.com/apache/beam/commit/aec829a87541e3e6deac9363b7d7583fd317b1ca,,,,,,,,,"commit丢失，似乎出问题了,missing object"
2,apache/hbase,hbase-client/src/main/java/org/apache/hadoop/hbase/client/RawAsyncHBaseAdmin.java,RawAsyncHBaseAdmin.java,L675-L685,32,git diff f3bdb02280a6c0bc80d37215f1c909422a08497d 9abdb7b5ae4de0b6d839f5c5d85e9bb899b5edbd hbase-client/src/main/java/org/apache/hadoop/hbase/client/RawAsyncHBaseAdmin.java,https://github.com/apache/hbase/commit/9abdb7b5ae4de0b6d839f5c5d85e9bb899b5edbd,,,,,,,,,无关
3,apache/hbase,hbase-client/src/main/java/org/apache/hadoop/hbase/client/RawAsyncHBaseAdmin.java,RawAsyncHBaseAdmin.java,L695-L705,32,git diff f3bdb02280a6c0bc80d37215f1c909422a08497d 9abdb7b5ae4de0b6d839f5c5d85e9bb899b5edbd hbase-client/src/main/java/org/apache/hadoop/hbase/client/RawAsyncHBaseAdmin.java,https://github.com/apache/hbase/commit/9abdb7b5ae4de0b6d839f5c5d85e9bb899b5edbd,,,,,,,,,无关
