sequence,project,file path,file name,line number,git command,commit link,,,,,,,,,,,
1,rabbitmq/rabbitmq-jms-client,src/main/java/com/rabbitmq/jms/admin/RMQConnectionFactory.java,RMQConnectionFactory.java,L103 - L103,git diff 48382b22cc3e48b7935a1d24fb309d5f678f1236 67e7d9347d6891b9e1fad88b4d1e2d392377da82 src/main/java/com/rabbitmq/jms/admin/RMQConnectionFactory.java,https://github.com/rabbitmq/rabbitmq-jms-client/commit/67e7d9347d6891b9e1fad88b4d1e2d392377da82,,,,,,,,,,,可能是serializable的问题
2,rabbitmq/rabbitmq-jms-client,src/main/java/com/rabbitmq/jms/admin/RMQConnectionFactory.java,RMQConnectionFactory.java,L110 - L110,git diff 48382b22cc3e48b7935a1d24fb309d5f678f1236 67e7d9347d6891b9e1fad88b4d1e2d392377da82 src/main/java/com/rabbitmq/jms/admin/RMQConnectionFactory.java,https://github.com/rabbitmq/rabbitmq-jms-client/commit/67e7d9347d6891b9e1fad88b4d1e2d392377da82,,,,,,,,,,,可能是serializable的问题
3,rabbitmq/rabbitmq-jms-client,src/main/java/com/rabbitmq/jms/admin/RMQConnectionFactory.java,RMQConnectionFactory.java,L117 - L117,git diff 48382b22cc3e48b7935a1d24fb309d5f678f1236 67e7d9347d6891b9e1fad88b4d1e2d392377da82 src/main/java/com/rabbitmq/jms/admin/RMQConnectionFactory.java,https://github.com/rabbitmq/rabbitmq-jms-client/commit/67e7d9347d6891b9e1fad88b4d1e2d392377da82,,,,,,,,,,,可能是serializable的问题
4,rabbitmq/rabbitmq-jms-client,src/main/java/com/rabbitmq/jms/admin/RMQConnectionFactory.java,RMQConnectionFactory.java,L122 - L122,git diff 5be302b4b345c99a452b789b352280cd4ba119f2 c2a984dd8f758dc079ab2fe18abb16d888fa7be1 src/main/java/com/rabbitmq/jms/admin/RMQConnectionFactory.java,https://github.com/rabbitmq/rabbitmq-jms-client/commit/c2a984dd8f758dc079ab2fe18abb16d888fa7be1,,,,,,,,,,,serializable的问题
5,rabbitmq/rabbitmq-jms-client,src/main/java/com/rabbitmq/jms/admin/RMQConnectionFactory.java,RMQConnectionFactory.java,L129 - L129,git diff 5be302b4b345c99a452b789b352280cd4ba119f2 c2a984dd8f758dc079ab2fe18abb16d888fa7be1 src/main/java/com/rabbitmq/jms/admin/RMQConnectionFactory.java,https://github.com/rabbitmq/rabbitmq-jms-client/commit/c2a984dd8f758dc079ab2fe18abb16d888fa7be1,,,,,,,,,,,serializable的问题
6,rabbitmq/rabbitmq-jms-client,src/main/java/com/rabbitmq/jms/admin/RMQConnectionFactory.java,RMQConnectionFactory.java,L136 - L136,git diff 5be302b4b345c99a452b789b352280cd4ba119f2 c2a984dd8f758dc079ab2fe18abb16d888fa7be1 src/main/java/com/rabbitmq/jms/admin/RMQConnectionFactory.java,https://github.com/rabbitmq/rabbitmq-jms-client/commit/c2a984dd8f758dc079ab2fe18abb16d888fa7be1,,,,,,,,,,,serializable的问题
7,opentracing-contrib/java-specialagent,rule/spring-messaging/src/main/java/io/opentracing/contrib/specialagent/rule/spring/messaging/copied/MessageTextMap.java,MessageTextMap.java,L49 - L60,git diff 9328397307e0ee2533baac345090783419d0c7e0 4d39a5badca33e6ac6c51099b77f5c2e3076a02f rule/spring-messaging/src/main/java/io/opentracing/contrib/specialagent/rule/spring/messaging/copied/MessageTextMap.java,https://github.com/opentracing-contrib/java-specialagent/commit/4d39a5badca33e6ac6c51099b77f5c2e3076a02f,,,,,,,,,,,forEach改for循环
8,opentracing-contrib/java-specialagent,rule/spring-messaging/src/test/java/io/opentracing/contrib/specialagent/rule/spring/messaging/SpringKafkaMessagingTest.java,SpringKafkaMessagingTest.java,L89 - L89,git diff 9328397307e0ee2533baac345090783419d0c7e0 4d39a5badca33e6ac6c51099b77f5c2e3076a02f rule/spring-messaging/src/test/java/io/opentracing/contrib/specialagent/rule/spring/messaging/SpringKafkaMessagingTest.java,https://github.com/opentracing-contrib/java-specialagent/commit/4d39a5badca33e6ac6c51099b77f5c2e3076a02f,,,,,,,,,,,stream改for循环
9,opentracing-contrib/java-specialagent,rule/spring-messaging/src/test/java/io/opentracing/contrib/specialagent/rule/spring/messaging/SpringKafkaMessagingTest.java,SpringKafkaMessagingTest.java,L91 - L91,git diff 9328397307e0ee2533baac345090783419d0c7e0 4d39a5badca33e6ac6c51099b77f5c2e3076a02f rule/spring-messaging/src/test/java/io/opentracing/contrib/specialagent/rule/spring/messaging/SpringKafkaMessagingTest.java,https://github.com/opentracing-contrib/java-specialagent/commit/4d39a5badca33e6ac6c51099b77f5c2e3076a02f,,,,,,,,,,,stream改for循环
10,opentracing-contrib/java-specialagent,rule/spring-messaging/src/main/java/io/opentracing/contrib/specialagent/rule/spring/messaging/copied/MessageTextMap.java,MessageTextMap.java,L51 - L62,git diff 83c2d9cbcdb9e574bc9ce4c01b1fa348d4f7f998 3a9b9829ce02c1fbf97622969113c884279860c3 rule/spring-messaging/src/main/java/io/opentracing/contrib/specialagent/rule/spring/messaging/copied/MessageTextMap.java,https://github.com/opentracing-contrib/java-specialagent/commit/3a9b9829ce02c1fbf97622969113c884279860c3,,,,,,,,,,,forEach改for循环，怀疑是要求后向兼容，因为pom文件删掉了对编译器的要求（1.8）
11,opentracing-contrib/java-specialagent,rule/mule-4-core/src/main/java/io/opentracing/contrib/specialagent/rule/mule4/AbstractProcessorChainIntercept.java,AbstractProcessorChainIntercept.java,L26 - L27,git diff b0c47f0777ca41ac948554eeb958eb0b185fac98 652d59b3b49aa84e2ea05dfeb8ca109bb9c038a9 rule/mule-4-core/src/main/java/io/opentracing/contrib/specialagent/rule/mule4/AbstractProcessorChainIntercept.java,https://github.com/opentracing-contrib/java-specialagent/commit/652d59b3b49aa84e2ea05dfeb8ca109bb9c038a9,,,,,,,,,,,refactor，改了功能
12,opentracing-contrib/java-specialagent,rule/mule-4-core/src/main/java/io/opentracing/contrib/specialagent/rule/mule4/AbstractProcessorChainIntercept.java,AbstractProcessorChainIntercept.java,L26 - L27,git diff b0c47f0777ca41ac948554eeb958eb0b185fac98 652d59b3b49aa84e2ea05dfeb8ca109bb9c038a9 rule/mule-4-core/src/main/java/io/opentracing/contrib/specialagent/rule/mule4/AbstractProcessorChainIntercept.java,https://github.com/opentracing-contrib/java-specialagent/commit/652d59b3b49aa84e2ea05dfeb8ca109bb9c038a9,,,,,,,,,,,refactor，改了功能
13,opentracing-contrib/java-specialagent,rule/akka-actor/src/main/java/io/opentracing/contrib/specialagent/rule/akka/actor/TracedMessage.java,TracedMessage.java,L37 - L37,git diff c355f2f826747e778bfc48fe6f5c1332e94b1be4 9d7b95728c42821f40d9e7b44f77da207ca1a34f rule/akka-actor/src/main/java/io/opentracing/contrib/specialagent/rule/akka/actor/TracedMessage.java,https://github.com/opentracing-contrib/java-specialagent/commit/9d7b95728c42821f40d9e7b44f77da207ca1a34f,,,,,,,,,,,refactor，lambda to method reference
14,opentracing-contrib/java-specialagent,rule/spring-kafka/src/test/java/io/opentracing/contrib/specialagent/rule/spring/kafka/SpringKafkaTest.java,SpringKafkaTest.java,L68 - L68,git diff c355f2f826747e778bfc48fe6f5c1332e94b1be4 9d7b95728c42821f40d9e7b44f77da207ca1a34f rule/spring-kafka/src/test/java/io/opentracing/contrib/specialagent/rule/spring/kafka/SpringKafkaTest.java,https://github.com/opentracing-contrib/java-specialagent/commit/9d7b95728c42821f40d9e7b44f77da207ca1a34f,,,,,,,,,,,refactor，lambda to method reference
15,opentracing-contrib/java-specialagent,rule/spring-webflux/src/test/java/io/opentracing/contrib/specialagent/rule/spring/webflux/SpringWebFluxTest.java,SpringWebFluxTest.java,L61 - L61,git diff c355f2f826747e778bfc48fe6f5c1332e94b1be4 9d7b95728c42821f40d9e7b44f77da207ca1a34f rule/spring-webflux/src/test/java/io/opentracing/contrib/specialagent/rule/spring/webflux/SpringWebFluxTest.java,https://github.com/opentracing-contrib/java-specialagent/commit/9d7b95728c42821f40d9e7b44f77da207ca1a34f,,,,,,,,,,,refactor，lambda to method reference
16,opentracing-contrib/java-specialagent,rule/akka-actor/src/test/java/io/opentracing/contrib/specialagent/rule/akka/actor/AkkaTest.java,AkkaTest.java,L79 - L79,git diff 37b5393ecbc7be212686a57e14733fa13f31a75d 8a765885d1f08cd0cac043bee847d22ef4fdf9d7 rule/akka-actor/src/test/java/io/opentracing/contrib/specialagent/rule/akka/actor/AkkaTest.java,https://github.com/opentracing-contrib/java-specialagent/commit/8a765885d1f08cd0cac043bee847d22ef4fdf9d7,,,,,,,,,,,refactor，lambda变成普通函数
17,opentracing-contrib/java-specialagent,rule/akka-actor/src/test/java/io/opentracing/contrib/specialagent/rule/akka/actor/AkkaTest.java,AkkaTest.java,L96 - L96,git diff 37b5393ecbc7be212686a57e14733fa13f31a75d 8a765885d1f08cd0cac043bee847d22ef4fdf9d7 rule/akka-actor/src/test/java/io/opentracing/contrib/specialagent/rule/akka/actor/AkkaTest.java,https://github.com/opentracing-contrib/java-specialagent/commit/8a765885d1f08cd0cac043bee847d22ef4fdf9d7,,,,,,,,,,,refactor，lambda变成普通函数
18,opentracing-contrib/java-specialagent,rule/akka-actor/src/test/java/io/opentracing/contrib/specialagent/rule/akka/actor/AkkaTest.java,AkkaTest.java,L113 - L113,git diff 37b5393ecbc7be212686a57e14733fa13f31a75d 8a765885d1f08cd0cac043bee847d22ef4fdf9d7 rule/akka-actor/src/test/java/io/opentracing/contrib/specialagent/rule/akka/actor/AkkaTest.java,https://github.com/opentracing-contrib/java-specialagent/commit/8a765885d1f08cd0cac043bee847d22ef4fdf9d7,,,,,,,,,,,refactor，lambda变成普通函数
19,opentracing-contrib/java-specialagent,rule/akka-http/src/test/java/io/opentracing/contrib/specialagent/rule/akka/http/AkkaHttpClientTest.java,AkkaHttpClientTest.java,L89 - L89,git diff 37b5393ecbc7be212686a57e14733fa13f31a75d 8a765885d1f08cd0cac043bee847d22ef4fdf9d7 rule/akka-http/src/test/java/io/opentracing/contrib/specialagent/rule/akka/http/AkkaHttpClientTest.java,https://github.com/opentracing-contrib/java-specialagent/commit/8a765885d1f08cd0cac043bee847d22ef4fdf9d7,,,,,,,,,,,refactor，lambda变成普通函数
20,opentracing-contrib/java-specialagent,rule/akka-http/src/test/java/io/opentracing/contrib/specialagent/rule/akka/http/AkkaHttpServerTest.java,AkkaHttpServerTest.java,L101 - L101,git diff 37b5393ecbc7be212686a57e14733fa13f31a75d 8a765885d1f08cd0cac043bee847d22ef4fdf9d7 rule/akka-http/src/test/java/io/opentracing/contrib/specialagent/rule/akka/http/AkkaHttpServerTest.java,https://github.com/opentracing-contrib/java-specialagent/commit/8a765885d1f08cd0cac043bee847d22ef4fdf9d7,,,,,,,,,,,refactor，lambda变成普通函数
21,opentracing-contrib/java-specialagent,rule/apache-httpclient/src/test/java/io/opentracing/contrib/specialagent/rule/apache/httpclient/HttpClientTest.java,HttpClientTest.java,L61 - L61,git diff 37b5393ecbc7be212686a57e14733fa13f31a75d 8a765885d1f08cd0cac043bee847d22ef4fdf9d7 rule/apache-httpclient/src/test/java/io/opentracing/contrib/specialagent/rule/apache/httpclient/HttpClientTest.java,https://github.com/opentracing-contrib/java-specialagent/commit/8a765885d1f08cd0cac043bee847d22ef4fdf9d7,,,,,,,,,,,这个commit把所有lambda都替换掉了，并且pom文件移除了对编译环境1.8的要求，但是很奇怪有两处是把lambda改成method reference，这个也是java 8引入的
22,opentracing-contrib/java-specialagent,rule/asynchttpclient/src/test/java/io/opentracing/contrib/specialagent/rule/asynchttpclient/AsyncHttpClientTest.java,AsyncHttpClientTest.java,L58 - L58,git diff 37b5393ecbc7be212686a57e14733fa13f31a75d 8a765885d1f08cd0cac043bee847d22ef4fdf9d7 rule/asynchttpclient/src/test/java/io/opentracing/contrib/specialagent/rule/asynchttpclient/AsyncHttpClientTest.java,https://github.com/opentracing-contrib/java-specialagent/commit/8a765885d1f08cd0cac043bee847d22ef4fdf9d7,,,,,,,,,,,
23,opentracing-contrib/java-specialagent,rule/asynchttpclient/src/test/java/io/opentracing/contrib/specialagent/rule/asynchttpclient/AsyncHttpClientTest.java,AsyncHttpClientTest.java,L88 - L88,git diff 37b5393ecbc7be212686a57e14733fa13f31a75d 8a765885d1f08cd0cac043bee847d22ef4fdf9d7 rule/asynchttpclient/src/test/java/io/opentracing/contrib/specialagent/rule/asynchttpclient/AsyncHttpClientTest.java,https://github.com/opentracing-contrib/java-specialagent/commit/8a765885d1f08cd0cac043bee847d22ef4fdf9d7,,,,,,,,,,,
24,opentracing-contrib/java-specialagent,rule/aws-sdk-2/src/test/java/io/opentracing/contrib/specialagent/rule/aws/sdk2/Aws2Test.java,Aws2Test.java,L86 - L86,git diff 37b5393ecbc7be212686a57e14733fa13f31a75d 8a765885d1f08cd0cac043bee847d22ef4fdf9d7 rule/aws-sdk-2/src/test/java/io/opentracing/contrib/specialagent/rule/aws/sdk2/Aws2Test.java,https://github.com/opentracing-contrib/java-specialagent/commit/8a765885d1f08cd0cac043bee847d22ef4fdf9d7,,,,,,,,,,,
25,opentracing-contrib/java-specialagent,rule/aws-sdk-2/src/test/java/io/opentracing/contrib/specialagent/rule/aws/sdk2/Aws2Test.java,Aws2Test.java,L105 - L105,git diff 37b5393ecbc7be212686a57e14733fa13f31a75d 8a765885d1f08cd0cac043bee847d22ef4fdf9d7 rule/aws-sdk-2/src/test/java/io/opentracing/contrib/specialagent/rule/aws/sdk2/Aws2Test.java,https://github.com/opentracing-contrib/java-specialagent/commit/8a765885d1f08cd0cac043bee847d22ef4fdf9d7,,,,,,,,,,,
26,opentracing-contrib/java-specialagent,rule/jedis/src/test/java/io/opentracing/contrib/specialagent/rule/jedis/JedisTest.java,JedisTest.java,L46 - L46,git diff 37b5393ecbc7be212686a57e14733fa13f31a75d 8a765885d1f08cd0cac043bee847d22ef4fdf9d7 rule/jedis/src/test/java/io/opentracing/contrib/specialagent/rule/jedis/JedisTest.java,https://github.com/opentracing-contrib/java-specialagent/commit/8a765885d1f08cd0cac043bee847d22ef4fdf9d7,,,,,,,,,,,
27,opentracing-contrib/java-specialagent,rule/jms-1/src/test/java/io/opentracing/contrib/specialagent/rule/jms1/JmsTest.java,JmsTest.java,L91 - L91,git diff 37b5393ecbc7be212686a57e14733fa13f31a75d 8a765885d1f08cd0cac043bee847d22ef4fdf9d7 rule/jms-1/src/test/java/io/opentracing/contrib/specialagent/rule/jms1/JmsTest.java,https://github.com/opentracing-contrib/java-specialagent/commit/8a765885d1f08cd0cac043bee847d22ef4fdf9d7,,,,,,,,,,,
28,opentracing-contrib/java-specialagent,rule/jms-2/src/test/java/io/opentracing/contrib/specialagent/rule/jms2/JmsTest.java,JmsTest.java,L91 - L91,git diff 37b5393ecbc7be212686a57e14733fa13f31a75d 8a765885d1f08cd0cac043bee847d22ef4fdf9d7 rule/jms-2/src/test/java/io/opentracing/contrib/specialagent/rule/jms2/JmsTest.java,https://github.com/opentracing-contrib/java-specialagent/commit/8a765885d1f08cd0cac043bee847d22ef4fdf9d7,,,,,,,,,,,
29,opentracing-contrib/java-specialagent,rule/kafka-client/src/test/java/io/opentracing/contrib/specialagent/rule/kafka/client/KafkaTest.java,KafkaTest.java,L117 - L117,git diff 37b5393ecbc7be212686a57e14733fa13f31a75d 8a765885d1f08cd0cac043bee847d22ef4fdf9d7 rule/kafka-client/src/test/java/io/opentracing/contrib/specialagent/rule/kafka/client/KafkaTest.java,https://github.com/opentracing-contrib/java-specialagent/commit/8a765885d1f08cd0cac043bee847d22ef4fdf9d7,,,,,,,,,,,
30,opentracing-contrib/java-specialagent,rule/lettuce-5.0/src/test/java/io/opentracing/contrib/specialagent/rule/lettuce50/Lettuce50Test.java,Lettuce50Test.java,L56 - L56,git diff 37b5393ecbc7be212686a57e14733fa13f31a75d 8a765885d1f08cd0cac043bee847d22ef4fdf9d7 rule/lettuce-5.0/src/test/java/io/opentracing/contrib/specialagent/rule/lettuce50/Lettuce50Test.java,https://github.com/opentracing-contrib/java-specialagent/commit/8a765885d1f08cd0cac043bee847d22ef4fdf9d7,,,,,,,,,,,
31,opentracing-contrib/java-specialagent,rule/lettuce-5.0/src/test/java/io/opentracing/contrib/specialagent/rule/lettuce50/Lettuce50Test.java,Lettuce50Test.java,L85 - L85,git diff 37b5393ecbc7be212686a57e14733fa13f31a75d 8a765885d1f08cd0cac043bee847d22ef4fdf9d7 rule/lettuce-5.0/src/test/java/io/opentracing/contrib/specialagent/rule/lettuce50/Lettuce50Test.java,https://github.com/opentracing-contrib/java-specialagent/commit/8a765885d1f08cd0cac043bee847d22ef4fdf9d7,,,,,,,,,,,
32,opentracing-contrib/java-specialagent,rule/lettuce-5.1/src/test/java/io/opentracing/contrib/specialagent/rule/lettuce51/Lettuce51Test.java,Lettuce51Test.java,L56 - L56,git diff 37b5393ecbc7be212686a57e14733fa13f31a75d 8a765885d1f08cd0cac043bee847d22ef4fdf9d7 rule/lettuce-5.1/src/test/java/io/opentracing/contrib/specialagent/rule/lettuce51/Lettuce51Test.java,https://github.com/opentracing-contrib/java-specialagent/commit/8a765885d1f08cd0cac043bee847d22ef4fdf9d7,,,,,,,,,,,
33,opentracing-contrib/java-specialagent,rule/lettuce-5.1/src/test/java/io/opentracing/contrib/specialagent/rule/lettuce51/Lettuce51Test.java,Lettuce51Test.java,L85 - L85,git diff 37b5393ecbc7be212686a57e14733fa13f31a75d 8a765885d1f08cd0cac043bee847d22ef4fdf9d7 rule/lettuce-5.1/src/test/java/io/opentracing/contrib/specialagent/rule/lettuce51/Lettuce51Test.java,https://github.com/opentracing-contrib/java-specialagent/commit/8a765885d1f08cd0cac043bee847d22ef4fdf9d7,,,,,,,,,,,
34,opentracing-contrib/java-specialagent,rule/lettuce-5.2/src/test/java/io/opentracing/contrib/specialagent/rule/lettuce52/Lettuce52Test.java,Lettuce52Test.java,L56 - L56,git diff 37b5393ecbc7be212686a57e14733fa13f31a75d 8a765885d1f08cd0cac043bee847d22ef4fdf9d7 rule/lettuce-5.2/src/test/java/io/opentracing/contrib/specialagent/rule/lettuce52/Lettuce52Test.java,https://github.com/opentracing-contrib/java-specialagent/commit/8a765885d1f08cd0cac043bee847d22ef4fdf9d7,,,,,,,,,,,
35,opentracing-contrib/java-specialagent,rule/lettuce-5.2/src/test/java/io/opentracing/contrib/specialagent/rule/lettuce52/Lettuce52Test.java,Lettuce52Test.java,L85 - L85,git diff 37b5393ecbc7be212686a57e14733fa13f31a75d 8a765885d1f08cd0cac043bee847d22ef4fdf9d7 rule/lettuce-5.2/src/test/java/io/opentracing/contrib/specialagent/rule/lettuce52/Lettuce52Test.java,https://github.com/opentracing-contrib/java-specialagent/commit/8a765885d1f08cd0cac043bee847d22ef4fdf9d7,,,,,,,,,,,
36,opentracing-contrib/java-specialagent,rule/play-ws/src/test/java/io/opentracing/contrib/specialagent/rule/playws/PlayWSTest.java,PlayWSTest.java,L84 - L84,git diff 37b5393ecbc7be212686a57e14733fa13f31a75d 8a765885d1f08cd0cac043bee847d22ef4fdf9d7 rule/play-ws/src/test/java/io/opentracing/contrib/specialagent/rule/playws/PlayWSTest.java,https://github.com/opentracing-contrib/java-specialagent/commit/8a765885d1f08cd0cac043bee847d22ef4fdf9d7,,,,,,,,,,,
37,opentracing-contrib/java-specialagent,rule/play/src/main/java/io/opentracing/contrib/specialagent/rule/play/PlayAgentIntercept.java,PlayAgentIntercept.java,L91 - L101,git diff 37b5393ecbc7be212686a57e14733fa13f31a75d 8a765885d1f08cd0cac043bee847d22ef4fdf9d7 rule/play/src/main/java/io/opentracing/contrib/specialagent/rule/play/PlayAgentIntercept.java,https://github.com/opentracing-contrib/java-specialagent/commit/8a765885d1f08cd0cac043bee847d22ef4fdf9d7,,,,,,,,,,,
38,opentracing-contrib/java-specialagent,rule/spring-jms/src/test/java/io/opentracing/contrib/specialagent/rule/spring/jms/SpringJmsTest.java,SpringJmsTest.java,L90 - L90,git diff 37b5393ecbc7be212686a57e14733fa13f31a75d 8a765885d1f08cd0cac043bee847d22ef4fdf9d7 rule/spring-jms/src/test/java/io/opentracing/contrib/specialagent/rule/spring/jms/SpringJmsTest.java,https://github.com/opentracing-contrib/java-specialagent/commit/8a765885d1f08cd0cac043bee847d22ef4fdf9d7,,,,,,,,,,,
39,opentracing-contrib/java-specialagent,rule/spring-rabbitmq/src/test/java/io/opentracing/contrib/specialagent/rule/spring/rabbitmq/SpringRabbitMQTest.java,SpringRabbitMQTest.java,L76 - L76,git diff 37b5393ecbc7be212686a57e14733fa13f31a75d 8a765885d1f08cd0cac043bee847d22ef4fdf9d7 rule/spring-rabbitmq/src/test/java/io/opentracing/contrib/specialagent/rule/spring/rabbitmq/SpringRabbitMQTest.java,https://github.com/opentracing-contrib/java-specialagent/commit/8a765885d1f08cd0cac043bee847d22ef4fdf9d7,,,,,,,,,,,
40,opentracing-contrib/java-specialagent,rule/spring-scheduling/src/test/java/io/opentracing/contrib/specialagent/rule/spring/scheduling/SpringAsyncTest.java,SpringAsyncTest.java,L59 - L59,git diff 37b5393ecbc7be212686a57e14733fa13f31a75d 8a765885d1f08cd0cac043bee847d22ef4fdf9d7 rule/spring-scheduling/src/test/java/io/opentracing/contrib/specialagent/rule/spring/scheduling/SpringAsyncTest.java,https://github.com/opentracing-contrib/java-specialagent/commit/8a765885d1f08cd0cac043bee847d22ef4fdf9d7,,,,,,,,,,,
41,opentracing-contrib/java-specialagent,rule/spring-scheduling/src/test/java/io/opentracing/contrib/specialagent/rule/spring/scheduling/SpringScheduleTest.java,SpringScheduleTest.java,L44 - L44,git diff 37b5393ecbc7be212686a57e14733fa13f31a75d 8a765885d1f08cd0cac043bee847d22ef4fdf9d7 rule/spring-scheduling/src/test/java/io/opentracing/contrib/specialagent/rule/spring/scheduling/SpringScheduleTest.java,https://github.com/opentracing-contrib/java-specialagent/commit/8a765885d1f08cd0cac043bee847d22ef4fdf9d7,,,,,,,,,,,
42,opentracing-contrib/java-specialagent,rule/spring-web-4.0/src/test/java/io/opentracing/contrib/specialagent/rule/spring/web40/Spring40WebTest.java,Spring40WebTest.java,L72 - L72,git diff 37b5393ecbc7be212686a57e14733fa13f31a75d 8a765885d1f08cd0cac043bee847d22ef4fdf9d7 rule/spring-web-4.0/src/test/java/io/opentracing/contrib/specialagent/rule/spring/web40/Spring40WebTest.java,https://github.com/opentracing-contrib/java-specialagent/commit/8a765885d1f08cd0cac043bee847d22ef4fdf9d7,,,,,,,,,,,
43,opentracing-contrib/java-specialagent,rule/spring-web-4.0/src/test/java/io/opentracing/contrib/specialagent/rule/spring/web40/Spring40WebTest.java,Spring40WebTest.java,L97 - L97,git diff 37b5393ecbc7be212686a57e14733fa13f31a75d 8a765885d1f08cd0cac043bee847d22ef4fdf9d7 rule/spring-web-4.0/src/test/java/io/opentracing/contrib/specialagent/rule/spring/web40/Spring40WebTest.java,https://github.com/opentracing-contrib/java-specialagent/commit/8a765885d1f08cd0cac043bee847d22ef4fdf9d7,,,,,,,,,,,
44,opentracing-contrib/java-specialagent,rule/spring-web-4/src/test/java/io/opentracing/contrib/specialagent/rule/spring/web4/Spring4WebTest.java,Spring4WebTest.java,L74 - L74,git diff 37b5393ecbc7be212686a57e14733fa13f31a75d 8a765885d1f08cd0cac043bee847d22ef4fdf9d7 rule/spring-web-4/src/test/java/io/opentracing/contrib/specialagent/rule/spring/web4/Spring4WebTest.java,https://github.com/opentracing-contrib/java-specialagent/commit/8a765885d1f08cd0cac043bee847d22ef4fdf9d7,,,,,,,,,,,
45,opentracing-contrib/java-specialagent,rule/spring-web-4/src/test/java/io/opentracing/contrib/specialagent/rule/spring/web4/Spring4WebTest.java,Spring4WebTest.java,L99 - L99,git diff 37b5393ecbc7be212686a57e14733fa13f31a75d 8a765885d1f08cd0cac043bee847d22ef4fdf9d7 rule/spring-web-4/src/test/java/io/opentracing/contrib/specialagent/rule/spring/web4/Spring4WebTest.java,https://github.com/opentracing-contrib/java-specialagent/commit/8a765885d1f08cd0cac043bee847d22ef4fdf9d7,,,,,,,,,,,
46,opentracing-contrib/java-specialagent,rule/spring-web-4/src/test/java/io/opentracing/contrib/specialagent/rule/spring/web4/Spring4WebTest.java,Spring4WebTest.java,L125 - L125,git diff 37b5393ecbc7be212686a57e14733fa13f31a75d 8a765885d1f08cd0cac043bee847d22ef4fdf9d7 rule/spring-web-4/src/test/java/io/opentracing/contrib/specialagent/rule/spring/web4/Spring4WebTest.java,https://github.com/opentracing-contrib/java-specialagent/commit/8a765885d1f08cd0cac043bee847d22ef4fdf9d7,,,,,,,,,,,
47,opentracing-contrib/java-specialagent,rule/spring-web-5/src/test/java/io/opentracing/contrib/specialagent/rule/spring/web5/SpringWebTest.java,SpringWebTest.java,L75 - L75,git diff 37b5393ecbc7be212686a57e14733fa13f31a75d 8a765885d1f08cd0cac043bee847d22ef4fdf9d7 rule/spring-web-5/src/test/java/io/opentracing/contrib/specialagent/rule/spring/web5/SpringWebTest.java,https://github.com/opentracing-contrib/java-specialagent/commit/8a765885d1f08cd0cac043bee847d22ef4fdf9d7,,,,,,,,,,,
48,opentracing-contrib/java-specialagent,rule/spring-web-5/src/test/java/io/opentracing/contrib/specialagent/rule/spring/web5/SpringWebTest.java,SpringWebTest.java,L100 - L100,git diff 37b5393ecbc7be212686a57e14733fa13f31a75d 8a765885d1f08cd0cac043bee847d22ef4fdf9d7 rule/spring-web-5/src/test/java/io/opentracing/contrib/specialagent/rule/spring/web5/SpringWebTest.java,https://github.com/opentracing-contrib/java-specialagent/commit/8a765885d1f08cd0cac043bee847d22ef4fdf9d7,,,,,,,,,,,
49,opentracing-contrib/java-specialagent,rule/spring-web-5/src/test/java/io/opentracing/contrib/specialagent/rule/spring/web5/SpringWebTest.java,SpringWebTest.java,L126 - L126,git diff 37b5393ecbc7be212686a57e14733fa13f31a75d 8a765885d1f08cd0cac043bee847d22ef4fdf9d7 rule/spring-web-5/src/test/java/io/opentracing/contrib/specialagent/rule/spring/web5/SpringWebTest.java,https://github.com/opentracing-contrib/java-specialagent/commit/8a765885d1f08cd0cac043bee847d22ef4fdf9d7,,,,,,,,,,,
50,opentracing-contrib/java-specialagent,rule/spring-webmvc-4/src/test/java/io/opentracing/contrib/specialagent/rule/spring/webmvc4/SpringWebMvcTest.java,SpringWebMvcTest.java,L71 - L71,git diff 37b5393ecbc7be212686a57e14733fa13f31a75d 8a765885d1f08cd0cac043bee847d22ef4fdf9d7 rule/spring-webmvc-4/src/test/java/io/opentracing/contrib/specialagent/rule/spring/webmvc4/SpringWebMvcTest.java,https://github.com/opentracing-contrib/java-specialagent/commit/8a765885d1f08cd0cac043bee847d22ef4fdf9d7,,,,,,,,,,,
51,opentracing-contrib/java-specialagent,rule/thrift/src/test/java/io/opentracing/contrib/specialagent/rule/thrift/ThriftTest.java,ThriftTest.java,L102 - L102,git diff 37b5393ecbc7be212686a57e14733fa13f31a75d 8a765885d1f08cd0cac043bee847d22ef4fdf9d7 rule/thrift/src/test/java/io/opentracing/contrib/specialagent/rule/thrift/ThriftTest.java,https://github.com/opentracing-contrib/java-specialagent/commit/8a765885d1f08cd0cac043bee847d22ef4fdf9d7,,,,,,,,,,,
52,opentracing-contrib/java-specialagent,rule/thrift/src/test/java/io/opentracing/contrib/specialagent/rule/thrift/ThriftTest.java,ThriftTest.java,L125 - L125,git diff 37b5393ecbc7be212686a57e14733fa13f31a75d 8a765885d1f08cd0cac043bee847d22ef4fdf9d7 rule/thrift/src/test/java/io/opentracing/contrib/specialagent/rule/thrift/ThriftTest.java,https://github.com/opentracing-contrib/java-specialagent/commit/8a765885d1f08cd0cac043bee847d22ef4fdf9d7,,,,,,,,,,,
53,opentracing-contrib/java-specialagent,rule/thrift/src/test/java/io/opentracing/contrib/specialagent/rule/thrift/ThriftTest.java,ThriftTest.java,L157 - L157,git diff 37b5393ecbc7be212686a57e14733fa13f31a75d 8a765885d1f08cd0cac043bee847d22ef4fdf9d7 rule/thrift/src/test/java/io/opentracing/contrib/specialagent/rule/thrift/ThriftTest.java,https://github.com/opentracing-contrib/java-specialagent/commit/8a765885d1f08cd0cac043bee847d22ef4fdf9d7,,,,,,,,,,,
54,opentracing-contrib/java-specialagent,rule/thrift/src/test/java/io/opentracing/contrib/specialagent/rule/thrift/ThriftTest.java,ThriftTest.java,L184 - L184,git diff 37b5393ecbc7be212686a57e14733fa13f31a75d 8a765885d1f08cd0cac043bee847d22ef4fdf9d7 rule/thrift/src/test/java/io/opentracing/contrib/specialagent/rule/thrift/ThriftTest.java,https://github.com/opentracing-contrib/java-specialagent/commit/8a765885d1f08cd0cac043bee847d22ef4fdf9d7,,,,,,,,,,,
55,opentracing-contrib/java-specialagent,rule/thrift/src/test/java/io/opentracing/contrib/specialagent/rule/thrift/ThriftTest.java,ThriftTest.java,L209 - L209,git diff 37b5393ecbc7be212686a57e14733fa13f31a75d 8a765885d1f08cd0cac043bee847d22ef4fdf9d7 rule/thrift/src/test/java/io/opentracing/contrib/specialagent/rule/thrift/ThriftTest.java,https://github.com/opentracing-contrib/java-specialagent/commit/8a765885d1f08cd0cac043bee847d22ef4fdf9d7,,,,,,,,,,,
56,opentracing-contrib/java-specialagent,rule/thrift/src/test/java/io/opentracing/contrib/specialagent/rule/thrift/ThriftTest.java,ThriftTest.java,L234 - L234,git diff 37b5393ecbc7be212686a57e14733fa13f31a75d 8a765885d1f08cd0cac043bee847d22ef4fdf9d7 rule/thrift/src/test/java/io/opentracing/contrib/specialagent/rule/thrift/ThriftTest.java,https://github.com/opentracing-contrib/java-specialagent/commit/8a765885d1f08cd0cac043bee847d22ef4fdf9d7,,,,,,,,,,,
57,opentracing-contrib/java-specialagent,rule/thrift/src/test/java/io/opentracing/contrib/specialagent/rule/thrift/ThriftTest.java,ThriftTest.java,L270 - L270,git diff 37b5393ecbc7be212686a57e14733fa13f31a75d 8a765885d1f08cd0cac043bee847d22ef4fdf9d7 rule/thrift/src/test/java/io/opentracing/contrib/specialagent/rule/thrift/ThriftTest.java,https://github.com/opentracing-contrib/java-specialagent/commit/8a765885d1f08cd0cac043bee847d22ef4fdf9d7,,,,,,,,,,,
58,opentracing-contrib/java-specialagent,rule/thrift/src/test/java/io/opentracing/contrib/specialagent/rule/thrift/ThriftTest.java,ThriftTest.java,L307 - L307,git diff 37b5393ecbc7be212686a57e14733fa13f31a75d 8a765885d1f08cd0cac043bee847d22ef4fdf9d7 rule/thrift/src/test/java/io/opentracing/contrib/specialagent/rule/thrift/ThriftTest.java,https://github.com/opentracing-contrib/java-specialagent/commit/8a765885d1f08cd0cac043bee847d22ef4fdf9d7,,,,,,,,,,,
59,opentracing-contrib/java-specialagent,rule/thrift/src/test/java/io/opentracing/contrib/specialagent/rule/thrift/ThriftTest.java,ThriftTest.java,L345 - L345,git diff 37b5393ecbc7be212686a57e14733fa13f31a75d 8a765885d1f08cd0cac043bee847d22ef4fdf9d7 rule/thrift/src/test/java/io/opentracing/contrib/specialagent/rule/thrift/ThriftTest.java,https://github.com/opentracing-contrib/java-specialagent/commit/8a765885d1f08cd0cac043bee847d22ef4fdf9d7,,,,,,,,,,,
60,opentracing-contrib/java-specialagent,rule/thrift/src/test/java/io/opentracing/contrib/specialagent/rule/thrift/ThriftTest.java,ThriftTest.java,L380 - L380,git diff 37b5393ecbc7be212686a57e14733fa13f31a75d 8a765885d1f08cd0cac043bee847d22ef4fdf9d7 rule/thrift/src/test/java/io/opentracing/contrib/specialagent/rule/thrift/ThriftTest.java,https://github.com/opentracing-contrib/java-specialagent/commit/8a765885d1f08cd0cac043bee847d22ef4fdf9d7,,,,,,,,,,,
61,opentracing-contrib/java-specialagent,rule/thrift/src/test/java/io/opentracing/contrib/specialagent/rule/thrift/ThriftTest.java,ThriftTest.java,L411 - L411,git diff 37b5393ecbc7be212686a57e14733fa13f31a75d 8a765885d1f08cd0cac043bee847d22ef4fdf9d7 rule/thrift/src/test/java/io/opentracing/contrib/specialagent/rule/thrift/ThriftTest.java,https://github.com/opentracing-contrib/java-specialagent/commit/8a765885d1f08cd0cac043bee847d22ef4fdf9d7,,,,,,,,,,,
62,opentracing-contrib/java-specialagent,rule/thrift/src/test/java/io/opentracing/contrib/specialagent/rule/thrift/ThriftTest.java,ThriftTest.java,L450 - L450,git diff 37b5393ecbc7be212686a57e14733fa13f31a75d 8a765885d1f08cd0cac043bee847d22ef4fdf9d7 rule/thrift/src/test/java/io/opentracing/contrib/specialagent/rule/thrift/ThriftTest.java,https://github.com/opentracing-contrib/java-specialagent/commit/8a765885d1f08cd0cac043bee847d22ef4fdf9d7,,,,,,,,,,,
63,opentracing-contrib/java-specialagent,rule/thrift/src/test/java/io/opentracing/contrib/specialagent/rule/thrift/ThriftTest.java,ThriftTest.java,L480 - L480,git diff 37b5393ecbc7be212686a57e14733fa13f31a75d 8a765885d1f08cd0cac043bee847d22ef4fdf9d7 rule/thrift/src/test/java/io/opentracing/contrib/specialagent/rule/thrift/ThriftTest.java,https://github.com/opentracing-contrib/java-specialagent/commit/8a765885d1f08cd0cac043bee847d22ef4fdf9d7,,,,,,,,,,,
64,opentracing-contrib/java-specialagent,rule/redisson/src/test/java/io/opentracing/contrib/specialagent/rule/redisson/RedissonTest.java,RedissonTest.java,L45 - L45,git diff 11fbd4f7cb1d27bd957fe42709dffddd7a5b8fef 9c16da55f5d5a6a6f79d13768566bdc9fb89ab64 rule/redisson/src/test/java/io/opentracing/contrib/specialagent/rule/redisson/RedissonTest.java,https://github.com/opentracing-contrib/java-specialagent/commit/9c16da55f5d5a6a6f79d13768566bdc9fb89ab64,,,,,,,,,,,refactor，lambda to method reference
65,opentracing-contrib/java-specialagent,tests/mongo-async-3.9.0-test/src/test/java/mongo/MongoAsyncITest.java,MongoAsyncITest.java,L53 - L53,git diff 457ef72a3b74260a0007f09618ceb026353ec358 9b9b62de9eb50187c4386991bd3545e971b90713 tests/mongo-async-3.9.0-test/src/test/java/mongo/MongoAsyncITest.java,https://github.com/opentracing-contrib/java-specialagent/commit/9b9b62de9eb50187c4386991bd3545e971b90713,,,,,,,,,,,refactor，lambda变成匿名内部类
66,opentracing-contrib/java-specialagent,tests/mongo-async-3.9.0-test/src/test/java/mongo/MongoAsyncITest.java,MongoAsyncITest.java,L59 - L59,git diff 457ef72a3b74260a0007f09618ceb026353ec358 9b9b62de9eb50187c4386991bd3545e971b90713 tests/mongo-async-3.9.0-test/src/test/java/mongo/MongoAsyncITest.java,https://github.com/opentracing-contrib/java-specialagent/commit/9b9b62de9eb50187c4386991bd3545e971b90713,,,,,,,,,,,refactor，lambda变成匿名内部类
67,opentracing-contrib/java-specialagent,rules/spring-webmvc-3/src/test/java/io/opentracing/contrib/specialagent/spring3/webmvc/Spring3WebMvcTest.java,Spring3WebMvcTest.java,L73 - L73,git diff bed972a664abb4c459a39ac89047e33c79f91a1b afa4c419fa0c5bf2446e96e8fb8c5759fcc21b22 rules/spring-webmvc-3/src/test/java/io/opentracing/contrib/specialagent/spring3/webmvc/Spring3WebMvcTest.java,https://github.com/opentracing-contrib/java-specialagent/commit/afa4c419fa0c5bf2446e96e8fb8c5759fcc21b22,,,,,,,,,,,refactor，lambda变成普通函数
68,opentracing-contrib/java-specialagent,rules/specialagent-spring-3-webmvc/src/test/java/io/opentracing/contrib/specialagent/spring3/webmvc/Spring3WebMvcTest.java,Spring3WebMvcTest.java,L80 - L80,git diff 415b5608cd3c8931d0b3c447902a66de390690eb d098015019235163f72706f35c88d536f1ecc19d rules/specialagent-spring-3-webmvc/src/test/java/io/opentracing/contrib/specialagent/spring3/webmvc/Spring3WebMvcTest.java,https://github.com/opentracing-contrib/java-specialagent/commit/d098015019235163f72706f35c88d536f1ecc19d,,,,,,,,,,,refactor，lambda变成匿名内部类。提交commit的人似乎混淆了lambda和closure
